Period,Total Hours,Age,BreakTime
Day,113,53,20
Day,2,46,16
Night,10,46,23
Night,93,27,8
Night,102,13,30
Day,46,34,4
Day,116,15,15
Night,120,54,29
Day,73,36,17
Night,116,42,27
Day,6,36,19
Day,57,36,15
Night,97,12,25
Day,118,16,6
Night,16,11,25
Day,19,50,15
Day,16,41,14
Night,120,29,6
Day,88,48,11
Night,12,47,27
Night,3,11,27
Night,115,50,21
Day,43,14,19
Day,75,20,7
Night,101,12,20
Day,20,25,4
Night,27,16,11
Day,48,33,4
Day,61,18,9
Day,40,32,2
Day,81,29,3
Day,12,18,7
Day,112,13,13
Day,49,35,5
Day,40,10,18
Night,120,50,21
Night,19,15,29
Night,74,47,26
Day,111,50,15
Day,26,52,14
Night,102,33,9
Night,112,53,26
Night,117,14,26
Night,16,53,24
Night,76,51,21
Night,72,39,29
Day,69,37,20
Night,60,33,8
Night,48,45,21
Night,33,37,25
Day,70,11,20
Night,71,47,24
Night,102,23,7
Night,109,55,25
Day,45,46,10
Night,74,13,29
Night,118,27,5
Night,56,16,10
Night,47,28,5
Night,42,34,7
Night,30,11,26
Night,42,54,27
Day,75,17,7
Day,87,28,5
Night,5,43,28
Day,6,24,2
Night,56,24,9
Day,27,35,2
Day,86,47,11
Day,101,42,13
Night,7,20,18
Day,65,49,15
Day,46,32,3
Day,90,34,5
Night,28,31,8
Day,107,48,13
Night,19,53,26
Night,99,16,19
Day,48,53,11
Night,96,12,28
Day,79,22,8
Day,32,52,16
Day,78,12,15
Day,116,26,4
Day,61,41,18
Night,31,35,6
Night,43,44,23
Day,44,15,15
Day,18,31,2
Day,91,33,5
Night,32,49,23
Night,92,54,26
Day,27,27,2
Night,42,50,21
Day,50,26,4
Night,6,34,8
Day,15,12,18
Night,45,36,29
Day,24,52,16
Day,10,13,14
Day,37,48,15
Night,54,35,8
Day,15,25,2
Night,97,28,9
Night,84,51,28
Day,111,39,16
Day,91,18,9
Night,58,22,12
Day,21,15,14
Night,104,38,26
Night,64,42,26
Day,59,44,13
Day,11,17,8
Night,115,52,30
Night,77,54,30
Day,7,29,2
Day,59,49,12
Night,110,29,8
Day,64,18,5
Day,66,28,5
Night,52,36,22
Night,102,16,17
Night,68,20,11
Day,44,20,5
Night,98,25,5
Night,12,18,18
Night,109,49,30
Day,1,30,3
Night,102,38,20
Day,35,41,10
Night,23,55,26
Day,80,33,3
Day,120,29,2
Day,96,20,10
Night,38,29,8
Night,26,36,26
Night,93,39,27
Day,113,45,16
Night,88,47,26
Night,107,14,30
Night,68,35,6
Night,48,17,15
Night,99,18,14
Night,110,33,10
Night,118,24,7
Day,75,42,13
Day,55,14,19
Night,30,55,21
Night,95,33,10
Day,69,51,15
Night,33,35,5
Night,94,37,23
Day,39,33,2
Night,10,32,6
Day,60,19,5
Night,119,18,19
Day,45,16,5
Night,28,18,15
Day,19,51,12
Day,99,35,3
Day,33,40,16
Day,115,16,7
Day,64,28,2
Night,20,42,29
Night,16,34,6
Night,49,52,23
Night,53,16,14
Night,81,36,24
Night,108,40,25
Night,102,40,25
Day,30,26,3
Night,80,27,6
Day,40,23,2
Night,70,37,23
Day,1,11,20
Night,95,10,25
Day,95,44,15
Day,37,44,11
Day,58,52,18
Day,100,12,16
Day,96,15,18
Night,31,39,23
Night,69,41,23
Day,5,46,19
Day,49,14,14
Night,38,18,17
Day,48,51,18
Night,19,32,5
Day,78,37,10
Night,39,33,8
Day,54,49,17
Day,71,34,5
Night,89,54,23
Day,19,25,4
Day,47,50,18
Night,41,34,5
Day,25,15,14
Night,109,19,17
Night,3,13,25
Night,21,38,26
Night,120,29,10
Night,74,31,8
Day,66,13,10
Day,1,55,19
Day,7,36,16
Night,1,44,27
Night,17,53,21
Night,27,45,21
Night,115,16,13
Day,90,30,5
Night,61,24,7
Night,82,55,22
Night,1,43,21
Night,42,52,28
Night,28,32,5
Night,114,29,10
Day,58,50,11
Day,87,23,5
Night,18,43,29
Night,80,46,29
Day,96,19,6
Night,73,40,27
Day,41,29,2
Day,60,28,3
Night,78,21,17
Night,1,13,28
Day,91,44,12
Day,52,55,17
Day,110,54,17
Day,79,39,17
Night,15,25,9
Day,62,40,13
Night,80,35,6
Night,8,25,9
Night,43,41,30
Day,65,43,15
Night,63,35,10
Night,108,26,7
Night,17,37,22
Day,5,37,17
Night,56,11,24
Day,46,54,19
Day,107,55,18
Day,89,15,10
Day,54,32,4
Night,55,27,9
Day,9,44,13
Night,6,47,22
Night,37,44,26
Day,17,28,2
Day,35,53,15
Night,92,53,22
Night,89,17,18
Night,2,47,23
Night,22,55,28
Day,111,26,3
Night,96,37,20
Day,45,33,2
Day,97,23,5
Day,112,22,8
Night,92,36,30
Day,70,16,6
Day,2,39,15
Night,77,26,10
Day,23,11,20
Day,31,37,13
Night,73,27,7
Night,81,22,10
Night,69,16,12
Night,60,43,30
Day,6,48,19
Night,85,19,16
Day,59,20,9
Day,28,28,5
Night,18,49,23
Night,45,44,29
Night,63,27,6
Day,22,30,2
Night,65,44,26
Night,93,52,24
Night,91,34,8
Day,91,22,9
Night,47,11,28
Day,49,12,10
Day,120,55,13
Night,104,18,10
Night,35,26,6
Day,54,19,6
Day,78,40,19
Day,65,19,7
Night,98,53,25
Day,109,21,7
Night,69,48,27
Night,35,39,27
Day,32,50,17
Night,32,48,24
Day,24,39,19
Night,97,11,22
Night,52,55,21
Day,67,53,18
Night,95,41,24
Night,68,42,25
Night,116,43,29
Night,20,37,22
Night,62,14,28
Day,115,47,15
Day,54,19,5
Night,113,23,6
Night,27,38,29
Night,55,55,28
Night,23,54,26
Day,104,23,5
Night,93,16,13
Night,44,16,14
Day,2,28,2
Day,107,37,13
Day,65,21,10
Night,88,20,19
Night,63,38,30
Day,29,10,12
Night,34,55,24
Night,98,28,8
Day,41,52,12
Night,1,52,29
Day,97,46,12
Night,68,21,11
Night,53,42,30
Day,96,33,2
Day,103,46,15
Day,12,30,4
Day,17,45,16
Day,82,53,13
Day,70,36,10
Night,85,18,10
Day,24,47,14
Day,33,16,8
Night,107,23,10
Night,23,45,22
Night,72,22,16
Night,7,52,24
Night,103,45,23
Day,30,34,2
Night,9,55,24
Night,52,44,30
Night,98,25,7
Night,88,16,19
Night,23,10,20
Night,68,13,24
Night,107,21,16
Day,104,18,5
Night,22,29,8
Night,68,51,20
Night,101,10,27
Night,21,46,24
Night,84,53,25
Night,7,49,27
Day,64,22,10
Night,7,47,28
Day,5,40,16
Day,97,18,5
Night,81,11,27
Night,88,43,30
Night,56,53,26
Night,90,49,21
Night,107,53,26
Night,62,12,21
Day,64,20,9
Day,73,30,4
Day,9,33,2
Day,20,51,16
Night,11,15,25
Day,55,39,10
Day,49,10,20
Night,46,27,10
Night,115,25,8
Night,11,26,7
Night,117,26,5
Day,112,27,2
Day,62,14,14
Night,109,53,28
Day,113,49,13
Day,39,41,12
Night,107,20,15
Night,95,20,10
Night,6,48,24
Night,5,33,7
Day,60,55,16
Day,39,38,17
Night,62,38,20
Night,3,51,30
Night,114,17,15
Night,80,39,30
Night,74,21,12
Day,1,23,5
Night,89,26,6
Night,111,52,20
Day,27,46,19
Night,104,42,24
Day,61,27,2
Day,26,24,5
Day,70,42,15
Night,84,14,21
Night,22,11,27
Night,63,54,28
Night,8,53,29
Day,83,28,3
Night,105,26,9
Day,98,50,14
Night,98,14,27
Night,21,40,26
Day,53,28,5
Day,93,29,5
Night,80,12,30
Day,35,25,4
Day,83,48,19
Night,8,29,8
Night,108,34,7
Night,88,53,26
Day,12,30,2
Day,68,37,10
Night,39,24,5
Day,16,38,12
Night,14,44,23
Day,67,13,20
Night,49,35,7
Day,92,36,10
Night,25,20,17
Night,40,37,22
Day,11,23,2
Night,6,24,10
Night,83,49,28
Night,30,35,7
Night,82,17,11
Day,52,27,4
Day,57,22,7
Night,97,48,22
Night,105,51,29
Night,15,42,20
Day,51,32,4
Night,114,29,8
Day,106,18,9
Day,52,41,20
Day,80,50,14
Night,15,24,6
Day,58,24,3
Night,9,11,26
Day,68,35,3
Night,39,18,10
Night,8,31,10
Night,12,20,16
Day,10,21,7
Day,60,48,20
Day,88,38,18
Day,43,54,16
Day,54,39,11
Day,42,32,2
Night,67,46,21
Night,54,42,25
Night,70,18,18
Night,69,29,8
Night,35,41,21
Night,34,48,25
Night,101,51,26
Night,70,52,22
Night,45,16,17
Night,44,46,22
Day,22,26,3
Night,29,27,7
Day,46,43,17
Night,96,43,30
Day,6,19,10
Night,107,37,30
Day,34,55,19
Night,119,53,20
Night,77,10,27
Night,74,23,5
Day,73,45,20
Night,25,35,8
Day,67,41,14
Night,56,17,14
Night,48,33,8
Night,52,33,7
Night,119,42,30
Day,14,32,4
Night,92,38,25
Day,85,47,19
Day,86,41,19
Night,73,45,24
Day,9,23,3
Night,37,19,14
Night,120,16,20
Day,31,51,18
Day,73,14,17
Night,34,41,28
Day,115,16,10
Day,103,44,10
Day,3,33,2
Day,56,18,9
Day,73,32,4
Day,96,10,16
Night,36,55,24
Day,21,52,16
Day,73,40,19
Day,82,46,17
Day,10,26,2
Night,44,50,26
Day,50,24,3
Night,10,11,21
Day,25,34,2
Night,45,12,23
Night,112,36,29
Night,47,19,18
Night,83,25,6
Night,58,46,29
Night,77,21,19
Day,25,23,4
Night,94,38,30
Night,6,39,26
Night,9,50,23
Day,82,38,18
Night,29,52,30
Day,30,36,17
Day,87,20,8
Night,65,31,7
Night,103,42,26
Night,9,53,20
Day,115,49,17
Day,87,33,2
Night,96,33,9
Day,84,27,2
Night,97,36,26
Night,11,20,14
Day,89,42,14
Night,90,42,23
Day,100,35,2
Night,21,20,19
Day,101,43,12
Night,111,32,9
Day,31,39,18
Night,93,29,6
Night,104,14,25
Night,26,23,7
Night,105,33,9
Day,39,28,5
Day,42,55,16
Day,111,46,20
Day,101,38,14
Night,11,22,10
Day,14,38,18
Day,94,54,17
Night,67,22,13
Day,115,46,10
Night,28,43,24
Night,44,32,9
Night,77,23,9
Day,38,29,2
Day,116,50,15
Night,32,46,23
Day,110,39,18
Day,21,21,8
Night,36,38,29
Night,108,26,10
Day,89,10,20
Night,65,45,28
Day,51,49,13
Night,58,22,18
Night,107,25,6
Day,53,53,14
Day,24,12,16
Night,115,19,15
Night,1,20,16
Day,60,23,2
Night,31,23,9
Night,95,41,26
Day,120,25,4
Day,108,25,4
Night,63,49,27
Night,97,55,29
Day,63,14,15
Day,65,51,19
Day,27,32,5
Day,57,39,14
Night,73,19,20
Day,71,18,7
Night,106,54,29
Night,12,15,23
Night,43,15,28
Night,104,40,25
Day,96,39,14
Day,86,16,10
Night,4,13,28
Day,28,25,2
Night,30,42,27
Night,63,43,24
Day,33,10,12
Night,17,48,25
Night,71,24,8
Night,115,39,28
Day,27,52,10
Day,7,29,5
Night,74,33,8
Night,2,39,30
Night,82,27,5
Day,14,21,5
Night,58,27,7
Day,85,25,2
Night,14,32,9
Day,10,15,19
Night,117,46,20
Night,18,48,24
Day,118,25,2
Day,13,51,19
Day,112,30,2
Night,98,37,25
Night,119,42,20
Day,93,47,18
Day,22,44,17
Day,10,54,19
Night,28,41,21
Night,35,30,9
Night,66,26,7
Night,57,23,10
Night,52,47,27
Night,54,50,20
Night,33,45,27
Day,42,30,3
Night,15,51,25
Night,79,32,7
Night,45,42,28
Night,96,43,27
Night,36,34,9
Day,120,22,5
Night,94,40,22
Day,37,34,3
Night,100,52,24
Night,99,46,20
Night,10,43,23
Day,38,50,19
Day,61,11,11
Day,11,30,3
Night,36,29,8
Day,11,23,3
Night,86,32,6
Night,99,41,23
Night,97,22,10
Night,51,15,27
Day,107,19,10
Night,87,43,28
Day,103,25,3
Day,32,30,3
Night,40,39,28
Night,21,32,7
Day,82,27,3
Day,53,45,10
Day,74,51,14
Day,4,17,8
Day,40,20,6
Day,48,49,16
Night,63,40,27
Day,18,52,10
Day,60,47,16
Night,112,10,30
Night,107,18,17
Night,34,38,28
Day,13,18,7
Day,48,21,6
Night,1,19,18
Night,7,41,27
Day,20,42,11
Day,80,30,4
Night,19,10,27
Night,60,13,23
Night,70,15,25
Night,84,36,29
Day,14,39,14
Night,87,42,22
Night,102,51,26
Day,104,28,2
Day,119,41,11
Night,29,24,8
Day,10,31,2
Night,1,39,21
Night,41,21,19
Day,5,27,5
Night,102,38,29
Night,51,55,24
Night,9,28,8
Day,8,52,10
Night,35,30,6
Night,83,12,22
Night,37,17,10
Night,62,43,30
Night,54,42,26
Night,37,30,9
Day,71,17,8
Night,3,30,9
Night,97,27,6
Day,35,35,4
Day,90,33,2
Night,112,10,29
Day,64,41,15
Night,112,47,29
Day,6,32,5
Night,17,52,22
Night,76,41,22
Night,39,13,27
Night,72,32,5
Day,115,22,6
Day,100,18,5
Day,117,36,17
Night,49,16,10
Night,23,30,5
Day,93,16,5
Day,80,48,20
Day,43,51,17
Day,1,55,18
Night,72,19,11
Day,36,26,4
Day,36,21,5
Night,77,11,27
Day,69,21,10
Day,108,47,16
Day,96,52,16
Day,11,49,14
Night,118,34,7
Night,3,50,29
Night,115,24,8
Night,7,31,10
Day,119,34,3
Day,54,39,10
Night,54,20,18
Day,116,34,4
Night,105,16,19
Day,78,43,16
Day,60,14,12
Day,22,17,7
Day,62,55,18
Day,25,37,16
Night,30,12,28
Night,47,35,10
Night,89,41,27
Night,46,27,6
Day,99,35,3
Day,56,24,3
Day,20,12,10
Day,34,29,3
Night,114,30,8
Day,15,38,15
Night,52,54,24
Day,84,41,17
Night,49,25,8
Day,82,43,16
Day,78,51,14
Night,26,28,7
Night,17,40,25
Night,12,55,21
Night,34,11,23
Day,8,15,18
Night,60,26,7
Night,17,31,6
Night,59,31,5
Day,103,46,10
Day,103,13,16
Day,107,37,19
Day,61,51,20
Night,102,16,17
Day,60,24,2
Day,114,15,17
Night,44,55,22
Day,101,18,6
Day,111,47,20
Night,90,45,30
Night,104,41,21
Day,12,28,3
Day,52,36,15
Day,112,44,16
Night,6,26,5
Day,58,23,2
Day,104,45,17
Day,49,49,15
Night,94,20,16
Day,35,33,3
Day,56,50,14
Night,46,55,23
Day,12,28,3
Night,75,20,11
Night,116,53,20
Day,58,32,2
Night,60,33,6
Night,30,49,26
Night,11,12,20
Night,114,43,29
Night,10,36,25
Day,85,35,2
Night,61,15,30
Day,87,38,14
Day,95,17,9
Day,61,10,16
Day,72,15,11
Night,71,19,10
Day,35,21,7
Night,46,10,28
Day,36,15,11
Night,34,20,13
Day,21,10,14
Night,101,33,7
Night,6,49,20
Day,22,43,13
Day,38,49,20
Day,56,38,15
Night,78,19,18
Night,47,45,24
Night,74,50,26
Day,84,28,2
Night,114,36,30
Night,4,12,27
Day,120,48,15
Night,25,50,23
Day,3,51,17
Night,61,24,5
Night,106,46,23
Night,56,48,27
Night,116,10,28
Day,32,25,4
Day,21,31,4
Day,96,22,10
Day,103,39,13
Night,61,12,24
Day,39,42,20
Day,25,31,5
Day,79,54,12
Day,24,20,7
Day,41,21,9
Day,20,11,18
Night,104,16,15
Day,74,22,8
Night,56,45,20
Day,61,22,5
Night,106,39,24
Night,71,54,23
Night,60,49,29
Night,109,54,29
Day,22,12,16
Night,65,34,8
Night,84,31,9
Night,48,50,20
Day,112,29,4
Day,42,13,18
Night,119,17,11
Night,5,37,29
Day,37,28,5
Night,24,30,7
Night,119,28,10
Night,89,15,24
Night,39,41,26
Day,51,19,9
Day,29,28,5
Day,6,55,11
Day,112,45,11
Night,105,20,20
Day,12,39,18
Day,6,37,12
Night,67,45,29
Day,80,42,16
Day,15,50,10
Night,65,27,5
Night,4,28,5
Night,28,18,16
Day,81,38,20
Night,8,53,22
Night,103,43,21
Night,4,16,16
Day,101,34,5
Night,98,18,16
Night,24,55,26
Night,118,15,30
Night,120,17,16
Night,58,46,24
Night,38,12,29
Night,28,26,5
Night,59,51,23
Night,76,10,28
Day,103,38,11
Day,49,18,9
Night,44,51,24
Day,87,52,14
Day,83,48,13
Day,77,48,17
Day,63,18,7
Night,76,40,30
Day,28,30,2
Day,32,50,19
Night,75,22,12
Day,42,43,11
Day,45,35,2
Day,16,43,13
Day,52,19,10
Day,26,39,18
Night,88,28,8
Day,43,21,7
Night,52,42,27
Night,65,18,20
Day,50,50,18
Night,112,50,21
Day,17,32,5
Night,35,15,23
Day,37,14,15
Night,37,20,15
Night,96,55,29
Day,63,30,4
Night,16,18,19
Night,18,46,28
Day,12,51,13
Night,61,10,21
Night,57,49,22
Night,82,33,9
Day,78,11,10
Day,79,20,6
Day,40,36,20
Day,20,12,18
Day,82,51,11
Day,86,18,8
Day,49,54,18
Day,114,41,19
Day,72,35,2
Night,67,19,19
Day,39,21,5
Night,96,29,8
Night,109,41,25
Day,68,50,20
Night,102,49,23
Day,35,51,12
Night,119,34,9
Night,86,47,21
Night,69,40,28
Day,83,24,4
Night,46,50,26
Night,2,44,30
Night,106,29,7
Night,32,42,20
Night,3,39,25
Night,11,55,30
Day,82,30,5
Night,14,12,29
Night,120,17,20
Day,18,29,4
Night,116,26,6
Night,40,14,29
Day,22,31,2
Day,91,40,14
Day,106,20,5
Night,109,46,28
Day,66,35,3
Day,46,32,5
Night,17,28,5
Day,30,15,11
Night,75,25,8
Day,66,46,18
Day,91,37,19
Night,72,15,27
Night,26,22,20
Day,63,15,17
Day,68,36,20
Day,54,17,5
Day,98,18,5
Night,47,10,26
Night,21,16,13
Night,79,26,5
Night,60,44,27
Night,75,29,7
Night,94,44,27
Night,45,26,9
Night,44,48,20
Day,49,39,11
Day,73,51,13
Night,86,13,26
Night,31,51,23
Night,61,42,21
Day,61,37,15
Day,1,21,9
Day,13,15,19
Night,77,54,29
Day,62,46,18
Day,8,46,14
Day,28,46,14
Day,72,35,3
Day,35,37,11
Day,94,10,19
Night,5,33,6
Night,43,32,10
Day,36,50,15
Night,32,11,22
Night,103,34,5
Day,15,48,19
Day,111,55,18
Day,32,53,14
Day,117,12,20
Night,13,42,27
Night,30,14,25
Night,112,35,7
Day,6,25,3
Night,88,29,9
Night,46,48,25
Night,115,39,26
Day,103,31,4
Day,90,29,4
Night,23,48,22
Day,106,48,13
Day,69,55,13
Night,50,49,21
Day,9,19,7
Night,36,29,10
Night,55,47,27
Day,103,13,13
Night,47,41,22
Night,40,52,26
Day,86,28,3
Day,91,55,12
Night,43,33,7
Day,106,29,5
Night,45,52,29
Night,107,18,11
Night,21,26,7
Day,96,55,14
Day,100,23,5
Night,30,31,5
Night,104,20,18
Night,15,43,28
Day,18,40,11
Night,22,24,8
Day,13,45,16
Night,61,28,8
Night,112,29,8
Night,84,46,20
Day,56,43,17
Day,55,13,17
Day,59,39,13
Day,83,46,12
Night,50,17,20
Day,118,43,12
Day,67,22,9
Day,74,44,13
Day,7,49,11
Night,56,50,27
Day,31,21,10
Day,1,27,4
Day,39,24,4
Day,73,36,20
Day,39,11,12
Day,51,27,5
Night,27,46,26
Day,58,29,4
Day,41,22,10
Night,71,28,9
Day,73,34,2
Night,11,20,12
Day,62,30,4
Night,59,17,13
Day,78,49,10
Night,25,16,10
Day,34,51,15
Day,48,22,5
Day,44,36,11
Night,41,13,20
Night,41,14,21
Day,34,12,17
Day,34,33,2
Night,118,27,8
Day,58,45,12
Night,71,49,28
Night,96,35,9
Night,59,13,28
Night,35,39,22
Day,31,34,4
Night,63,19,15
Night,23,51,29
Day,25,34,4
Night,21,51,22
Night,103,45,21
Day,34,36,12
Day,22,22,6
Day,74,51,15
Night,76,36,24
Day,118,16,6
Day,90,14,17
Day,117,32,5
Day,24,52,19
Day,32,43,11
Day,8,12,17
Day,38,38,10
Night,6,36,23
Night,65,19,20
Night,113,55,27
Night,25,47,28
Night,62,47,29
Day,25,11,14
Night,93,53,24
Day,23,35,3
Day,18,39,19
Day,74,16,5
Day,61,41,15
Night,93,52,25
Night,31,43,30
Day,61,16,9
Night,65,36,26
Night,15,48,28
Day,65,19,7
Day,18,40,17
Day,59,46,10
Day,118,39,19
Day,99,46,16
Night,3,44,25
Day,23,52,10
Day,29,41,14
Night,61,26,7
Day,11,51,17
Day,106,26,3
Night,61,16,20
Night,101,29,9
Night,64,13,24
Night,28,38,23
Night,77,43,25
Night,18,18,20
Day,24,44,14
Day,74,29,3
Day,1,43,13
Day,13,40,12
Day,69,33,2
Night,74,20,10
Day,47,17,10
Day,105,53,10
Day,37,13,19
Night,87,46,20
Night,82,19,19
Night,73,35,7
Day,50,16,9
Day,59,25,2
Night,21,13,22
Night,103,46,23
Night,36,10,25
Day,89,37,14
Day,70,39,16
Day,91,51,16
Day,33,42,15
Day,104,54,20
Night,36,40,22
Night,12,50,25
Night,81,35,8
Night,115,28,8
Night,37,49,29
Night,117,45,29
Day,15,45,18
Day,89,16,7
Day,53,40,15
Night,64,36,22
Night,113,26,6
Night,107,24,7
Day,60,48,10
Day,93,22,6
Day,80,35,3
Night,36,36,29
Day,2,46,20
Night,61,18,11
Day,7,46,11
Day,55,37,17
Day,95,23,2
Night,89,22,14
Day,1,46,18
Day,100,12,19
Night,72,53,23
Night,5,49,20
Day,104,39,14
Day,1,32,3
Day,1,48,14
Night,52,19,19
Night,35,12,26
Day,28,15,12
Night,75,55,24
Day,105,48,12
Day,67,12,16
Night,85,21,12
Day,114,22,10
Day,35,45,10
Night,97,44,20
Day,117,35,2
Night,35,23,6
Night,24,28,7
Night,106,39,29
Day,48,34,5
Day,62,20,9
Night,116,12,30
Night,34,12,26
Day,74,18,9
Night,37,53,27
Day,24,45,10
Day,63,13,19
Night,1,42,20
Night,103,15,25
Night,37,49,23
Night,11,31,9
Night,13,41,25
Day,3,11,15
Day,22,19,6
Day,16,22,9
Night,105,25,9
Night,17,55,22
Night,58,53,23
Night,33,33,5
Day,85,21,8
Night,116,26,9
Night,62,13,28
Night,106,48,30
Night,55,29,7
Night,120,14,20
Night,2,48,27
Night,61,43,27
Night,105,40,26
Day,117,34,4
Night,47,37,25
Night,91,22,12
Day,113,25,2
Day,30,55,14
Night,55,53,26
Night,107,23,5
Day,102,17,10
Day,111,16,9
Day,91,40,17
Day,110,14,17
Night,21,30,9
Night,33,21,18
Day,27,42,18
Day,44,35,3
Day,21,43,20
Day,19,37,16
Night,29,36,23
Day,28,45,14
Day,30,29,2
Night,11,17,10
Day,45,42,12
Day,38,23,2
Night,36,24,6
Day,119,28,5
Night,49,50,25
Night,37,21,13
Day,119,22,6
Day,95,38,14
Night,109,42,25
Day,45,44,17
Night,33,54,23
Night,40,49,22
Day,97,13,10
Day,27,33,3
Day,38,26,2
Day,55,12,14
Night,102,45,26
Night,116,52,29
Night,24,10,26
Day,89,26,3
Day,37,12,16
Night,49,41,20
Day,89,43,12
Day,77,48,13
Night,5,45,28
Night,101,47,22
Day,95,15,11
Day,100,55,12
Night,78,25,6
Night,107,43,30
Night,43,47,22
Day,63,47,16
Day,14,36,12
Night,51,48,24
Day,75,38,17
Day,112,51,14
Night,23,24,6
Day,58,50,12
Day,87,45,17
Night,44,40,21
Day,53,20,7
Night,17,20,16
Day,63,19,7
Day,67,51,19
Day,24,29,4
Night,10,28,10
Day,37,14,15
Night,4,50,20
Night,87,52,29
Day,88,29,2
Night,99,38,30
Day,89,45,19
Night,113,30,5
Day,35,44,15
Night,45,45,27
Day,80,46,20
Night,79,27,8
Day,95,30,5
Night,49,18,15
Night,22,37,27
Day,65,28,2
Night,72,26,6
Night,25,50,21
Day,27,34,5
Night,48,31,7
Day,7,13,19
Night,46,43,22
Day,109,53,13
Day,73,51,17
Night,26,21,19
Day,111,44,19
Night,76,42,26
Night,12,43,21
Day,48,21,9
Day,70,17,5
Day,27,55,11
Day,80,10,18
Day,27,29,4
Night,42,50,21
Night,3,50,27
Night,65,24,10
Day,120,27,5
Night,7,22,11
Night,114,31,10
Night,57,17,19
Night,79,35,10
Day,65,26,2
Day,57,24,4
Night,55,19,11
Day,56,31,3
Day,94,36,14
Night,34,10,22
Day,49,14,18
Day,96,10,14
Day,18,22,10
Day,76,55,12
Night,115,20,16
Night,65,36,25
Day,44,22,8
Night,84,21,11
Night,58,32,5
Night,84,14,23
Night,68,32,5
Day,99,25,3
Day,75,42,14
Night,91,24,5
Day,44,53,14
Night,20,28,10
Night,110,26,9
Day,2,47,19
Night,27,30,7
Day,92,44,16
Day,30,36,10
Day,120,17,7
Night,100,14,22
Day,77,19,5
Night,92,10,21
Day,71,52,14
Day,115,21,6
Day,100,53,20
Day,104,27,3
Day,61,43,12
Day,92,43,16
Day,103,29,4
Day,75,41,20
Day,15,51,11
Night,37,32,7
Night,67,14,23
Night,105,25,5
Night,84,54,26
Day,104,38,12
Night,72,33,10
Day,103,38,13
Night,37,37,23
Day,63,19,10
Day,41,38,10
Night,27,43,22
Day,57,35,4
Day,19,28,2
Day,32,12,20
Day,101,18,6
Night,52,40,28
Day,31,17,5
Day,17,55,13
Night,76,40,24
Day,76,23,2
Night,74,23,5
Day,3,33,5
Night,60,18,14
Day,23,17,5
Day,81,53,10
Day,111,38,17
Day,103,28,5
Day,59,25,2
Day,82,18,9
Night,41,41,29
Day,12,50,20
Day,93,19,5
Day,42,35,3
Night,89,55,20
Night,86,40,20
Day,89,45,12
Day,32,45,10
Night,72,42,30
Night,57,45,21
Day,3,55,11
Day,70,27,3
Night,79,22,12
Day,108,45,10
Night,16,39,25
Night,40,34,6
Day,92,27,3
Day,56,53,17
Night,4,33,6
Night,84,52,23
Night,8,48,24
Day,39,11,13
Night,100,14,23
Day,86,49,19
Day,92,55,19
Day,100,50,14
Day,14,42,18
Night,93,18,10
Night,111,16,18
Night,99,29,7
Day,59,17,5
Day,92,10,20
Day,42,55,14
Night,83,35,5
Night,16,49,28
Night,59,10,26
Day,45,23,3
Day,100,26,2
Day,24,15,17
Night,19,29,7
Day,106,22,9
Night,114,55,27
Night,92,23,10
Day,78,16,9
Day,109,20,7
Night,48,38,27
Night,23,27,6
Day,22,11,14
Night,120,49,27
Day,103,42,13
Day,120,49,14
Day,97,32,2
Day,38,25,3
Day,35,11,14
Day,1,27,4
Night,78,24,7
Day,19,30,4
Night,12,54,28
Day,64,11,14
Day,46,23,3
Day,5,44,11
Night,50,24,7
Night,113,46,20
Night,81,49,25
Night,18,47,30
Night,6,12,22
Night,44,21,10
Day,110,50,11
Day,45,41,13
Night,34,45,29
Day,28,46,17
Night,101,44,30
Night,9,23,10
Day,41,51,11
Day,40,41,15
Night,40,27,7
Night,84,50,25
Night,70,10,26
Night,21,34,9
Night,7,33,10
Day,96,10,17
Day,111,41,11
Day,48,46,14
Day,26,27,4
Night,63,34,7
Day,25,16,5
Night,118,31,6
Night,70,37,26
Day,4,43,13
Day,6,32,4
Night,5,12,26
Day,110,46,14
Day,67,15,17
Night,16,43,24
Night,77,16,14
Night,113,11,21
Day,30,41,18
Night,84,16,16
Night,3,48,24
Night,117,19,19
Night,83,33,5
Day,19,48,10
Day,86,13,15
Night,107,33,9
Day,74,24,4
Night,102,44,24
Day,95,11,14
Night,85,23,7
Day,75,46,18
Night,20,35,9
Night,97,54,28
Night,120,44,26
Night,61,23,7
Day,31,15,10
Day,91,29,5
Day,36,35,4
Day,78,12,12
Day,27,43,10
Day,47,53,18
Day,32,38,11
Day,88,26,4
Day,120,21,8
Day,54,42,10
Day,101,12,15
Day,17,50,17
Day,57,47,19
Night,52,18,10
Night,106,38,29
Night,101,24,10
Day,32,26,3
Day,111,38,14
Night,118,52,22
Night,59,19,15
Day,114,14,18
Night,13,48,27
Day,74,24,3
Night,61,47,22
Night,84,51,27
Day,64,28,5
Night,12,12,22
Night,17,33,8
Night,79,24,8
Night,63,50,22
Day,16,14,12
Day,90,42,19
Day,100,19,7
Night,99,54,24
Night,99,42,29
Day,60,53,15
Night,116,23,8
Night,70,52,26
Day,100,25,2
Day,7,30,5
Day,34,27,2
Night,50,44,25
Day,31,16,10
Day,77,45,18
Day,35,15,18
Night,13,36,21
Day,91,38,20
Night,18,21,16
Night,74,43,25
Night,40,49,29
Night,25,43,23
Day,40,13,18
Day,20,42,10
Night,83,52,28
Night,94,39,29
Day,50,46,10
Day,100,45,10
Night,30,34,10
Night,84,30,9
Night,75,50,23
Day,105,40,10
Night,54,44,24
Day,8,47,13
Day,115,36,14
Day,20,12,20
Day,51,46,12
Night,7,23,9
Day,1,30,4
Night,58,34,10
Day,118,14,14
Night,103,20,14
Night,96,12,25
Night,106,30,5
Day,88,49,12
Night,26,34,7
Night,118,29,6
Night,42,37,23
Day,65,20,10
Day,106,50,17
Night,50,37,23
Day,76,31,5
Night,42,41,20
Day,78,37,10
Day,105,19,7
Night,11,14,22
Night,99,15,28
Night,112,51,22
Day,60,25,5
Day,106,20,7
Night,86,25,6
Night,110,47,20
Day,76,17,6
Day,57,22,5
Night,75,23,5
Day,105,44,10
Day,46,16,7
Day,99,40,15
Day,59,25,3
Night,119,27,7
Night,58,55,23
Night,52,19,13
Night,19,45,30
Day,33,45,15
Night,11,36,29
Day,85,42,20
Night,63,13,30
Night,71,13,20
Day,94,25,2
Day,81,12,15
Night,62,48,25
Night,111,44,24
Day,2,18,10
Day,36,31,3
Day,105,39,19
Night,54,14,29
Night,25,45,23
Night,5,48,29
Night,15,33,8
Day,107,38,18
Day,79,37,18
Day,3,32,4
Night,49,38,25
Night,55,27,10
Night,109,18,16
Night,61,34,8
Night,26,29,10
Day,56,43,15
Night,27,34,9
Night,36,48,21
Night,68,15,22
Night,97,36,30
Night,2,38,26
Night,42,42,27
Night,94,53,28
Day,49,24,3
Day,96,23,3
Night,102,27,5
Night,24,42,25
Day,117,49,20
Night,36,45,22
Day,71,32,5
Day,46,16,9
Night,63,19,16
Night,16,33,5
Day,120,38,15
Day,58,12,17
Night,99,27,9
Night,85,50,25
Night,111,34,7
Night,97,24,5
Day,79,37,15
Day,53,21,5
Night,86,37,30
Day,111,24,4
Night,73,27,7
Night,16,52,24
Night,111,48,29
Day,72,33,5
Day,43,33,2
Day,40,40,13
Day,94,39,10
Day,109,49,16
Night,7,20,19
Night,10,15,29
Day,75,22,10
Day,90,13,12
Night,76,41,25
Day,62,53,19
Day,17,20,10
Day,52,24,3
Day,60,28,4
Night,55,47,27
Night,118,20,15
Day,18,19,10
Night,91,25,9
Night,61,36,30
Night,54,27,5
Day,4,53,15
Night,120,48,27
Night,57,14,29
Night,22,40,26
Day,112,22,7
Night,115,36,30
Night,29,10,25
Night,55,27,5
Night,46,29,10
Night,33,42,30
Night,60,44,25
Day,18,11,10
Day,66,32,4
Day,62,48,20
Night,106,53,23
Night,56,26,7
Night,53,25,8
Day,96,31,4
Day,30,52,20
Night,59,53,30
Day,6,43,19
Night,60,40,22
Day,29,27,5
Night,120,44,29
Night,9,13,22
Day,48,39,16
Night,62,32,7
Day,5,43,16
Night,18,16,17
Day,81,12,19
Day,73,37,17
Night,118,35,8
Day,43,15,19
Day,25,40,11
Day,72,49,20
Day,72,27,3
Night,10,14,20
Day,11,27,2
Day,34,33,3
Night,85,20,15
Day,6,35,3
Night,82,12,22
Day,36,52,13
Night,9,16,11
Day,49,26,3
Night,116,22,19
Night,92,10,26
Day,96,53,13
Night,96,19,10
Day,42,54,12
Day,92,32,4
Day,89,30,2
Night,78,31,8
Day,84,43,16
Night,68,53,28
Night,13,50,21
Day,90,42,20
Night,118,37,30
Day,97,11,15
Day,85,50,12
Night,40,16,10
Night,71,17,15
Night,22,21,10
Day,79,14,18
Day,44,15,19
Night,50,47,29
Night,36,18,12
Night,32,46,23
Day,71,29,3
Day,104,10,12
Day,117,19,5
Night,10,10,24
Night,40,28,10
Day,44,14,12
Night,59,21,17
Night,68,29,6
Night,116,12,22
Night,105,32,6
Day,48,13,16
Day,62,34,4
Night,112,10,22
Day,17,14,19
Night,41,30,7
Night,111,33,8
Night,56,14,30
Night,109,49,23
Day,63,11,13
Night,116,33,5
Night,106,37,20
Day,44,42,19
Day,26,26,3
Night,43,19,13
Day,90,55,12
Night,45,42,27
Night,23,15,29
Day,109,44,10
Day,21,49,17
Day,67,45,15
Day,9,45,19
Night,29,16,14
Night,111,21,17
Day,36,48,15
Day,40,12,11
Day,16,33,3
Day,117,28,5
Day,48,42,10
Day,67,22,10
Day,34,11,12
Day,65,49,10
Night,50,38,30
Night,10,36,25
Night,24,25,7
Day,12,13,10
Night,114,54,21
Day,54,45,18
Day,33,52,11
Day,38,48,17
Day,5,29,5
Day,46,23,2
Night,27,45,23
Day,80,23,2
Day,64,36,10
Day,59,44,13
Day,62,15,17
Night,94,27,6
Day,80,12,14
Night,34,36,20
Day,105,20,5
Night,29,21,10
Night,41,40,24
Night,74,32,6
Night,51,43,20
Night,106,29,5
Night,4,29,9
Night,25,32,8
Day,7,50,17
Night,5,48,28
Day,20,24,3
Day,59,53,12
Night,47,10,24
Night,50,33,5
Day,112,49,19
Night,7,39,24
Day,37,48,15
Day,107,17,5
Day,83,16,9
Night,58,28,8
Night,43,12,27
Night,54,41,29
Day,71,35,5
Day,64,35,2
Night,63,23,8
Night,114,48,25
Day,32,11,14
Night,43,42,22
Day,90,47,15
Night,45,55,28
Day,14,52,15
Day,60,52,17
Day,93,20,5
Day,85,41,12
Day,16,12,11
Day,60,17,9
Night,26,30,5
Night,63,41,30
Day,82,49,17
Night,111,48,20
Day,3,10,14
Night,34,16,17
Night,48,12,25
Night,113,21,19
Night,18,16,14
Night,82,14,21
Day,74,12,16
Night,37,48,26
Day,55,47,13
Night,18,30,7
Night,5,31,7
Night,113,36,23
Day,63,38,13
Night,25,17,19
Night,85,45,28
Day,120,36,11
Night,16,28,5
Day,26,43,17
Night,41,48,29
Night,120,18,15
Night,45,40,23
Day,119,31,3
Day,16,49,18
Day,30,17,6
Day,56,33,3
Day,10,47,14
Day,76,46,16
Day,28,28,3
Night,107,51,25
Day,75,19,5
Day,110,12,11
Night,35,17,16
Day,56,45,14
Day,67,27,5
Night,7,25,7
Day,51,17,6
Night,118,31,5
Night,42,13,22
Day,52,13,15
Day,73,37,14
Day,45,43,14
Night,110,47,22
Night,18,12,26
Day,36,32,3
Day,38,44,15
Night,77,45,20
Night,18,37,27
Day,52,18,8
Day,69,19,8
Day,80,37,16
Day,106,12,13
Day,110,25,2
Day,16,36,17
Day,45,38,11
Day,22,28,5
Day,18,50,10
Day,4,47,13
Night,4,35,7
Day,94,10,14
Night,63,52,27
Day,71,33,5
Night,4,10,27
Night,14,20,14
Day,33,47,14
Night,52,34,6
Night,84,19,19
Day,43,45,11
Day,88,32,5
Day,33,13,14
Night,81,22,11
Night,95,28,6
Day,17,37,11
Night,112,36,29
Day,118,44,13
Night,101,14,25
Day,55,21,6
Night,114,46,30
Day,84,22,9
Day,92,22,5
Day,78,46,10
Day,82,46,20
Day,39,45,12
Night,35,54,25
Day,74,35,5
Night,16,38,30
Day,110,53,17
Night,98,24,9
Day,95,10,12
Night,85,18,15
Night,10,42,27
Day,111,39,10
Night,7,13,27
Night,20,52,25
Night,23,13,29
Day,27,16,7
Night,119,36,21
Day,66,39,18
Night,70,42,22
Night,19,13,24
Night,13,36,25
Day,30,44,14
Night,42,13,20
Night,87,47,25
Day,11,17,6
Night,34,26,7
Day,37,45,10
Day,83,52,12
Night,64,18,10
Night,44,39,20
Day,66,45,14
Day,10,29,2
Night,34,28,9
Night,6,37,29
Night,1,52,23
Day,77,13,18
Night,85,14,21
Day,118,27,3
Day,5,20,8
Day,24,17,8
Night,85,16,12
Night,101,52,23
Night,29,48,20
Night,52,49,27
Day,51,31,2
Night,38,52,20
Night,81,46,27
Night,34,51,29
Day,29,22,7
Night,77,12,30
Night,15,24,8
Night,88,14,30
Night,50,44,30
Day,41,39,16
Night,110,40,30
Day,119,38,15
Night,87,20,19
Day,61,23,2
Night,29,46,22
Night,71,44,25
Night,80,14,24
Day,91,25,4
Night,79,20,10
Night,66,32,6
Day,1,28,3
Night,49,43,29
Night,42,16,10
Night,33,36,26
Day,51,18,7
Night,31,53,29
Night,78,31,9
Day,93,24,5
Night,69,44,27
Night,67,48,22
Day,41,37,13
Day,72,17,6
Night,59,16,15
Night,53,45,26
Day,95,22,9
Night,103,30,6
Day,74,31,2
Day,42,49,19
Day,3,18,8
Night,4,11,24
Day,1,25,5
Day,59,38,15
Day,3,47,16
Night,105,44,23
Night,106,29,10
Day,8,17,5
Night,15,23,6
Day,38,53,19
Day,56,15,11
Night,18,27,9
Day,109,20,6
Night,50,43,26
Night,25,53,30
Day,9,17,5
Day,44,42,13
Day,10,13,15
Night,78,21,10
Day,82,32,2
Day,58,30,5
Day,51,36,10
Night,68,48,28
Night,39,40,30
Night,77,17,14
Day,22,16,5
Night,27,46,20
Day,30,30,2
Day,38,38,18
Night,89,25,9
Day,3,17,5
Night,32,40,29
Day,25,25,4
Night,11,39,22
Day,55,45,19
Day,73,48,13
Night,25,42,27
Day,59,52,17
Night,110,27,8
Day,18,15,13
Day,34,34,4
Day,106,21,8
Day,33,12,19
Day,77,21,7
Day,2,34,5
Day,13,34,2
Night,46,50,29
Night,12,21,10
Day,116,21,7
Night,12,25,7
Day,21,13,10
Night,50,32,9
Day,87,22,8
Day,64,16,6
Night,69,37,30
Day,52,38,15
Night,7,12,20
Night,94,25,10
Night,3,42,25
Night,14,27,7
Night,62,45,21
Day,47,22,5
Night,8,35,7
Day,64,49,11
Night,84,48,21
Night,89,52,25
Day,16,41,17
Night,43,16,15
Day,39,35,4
Day,105,21,5
Night,88,35,10
Night,26,22,14
Night,114,38,20
Night,2,47,29
Day,49,55,17
Night,100,22,12
Day,76,41,10
Day,101,30,2
Night,42,34,6
Day,23,54,16
Night,24,12,29
Night,78,34,6
Day,31,52,14
Day,107,43,16
Day,108,37,10
Day,101,39,10
Night,83,19,16
Night,75,50,21
Night,48,26,9
Day,60,20,7
Day,72,41,15
Night,60,21,14
Night,67,31,8
Day,19,12,13
Day,120,51,16
Day,89,24,4
Night,49,26,8
Night,64,11,25
Night,74,22,18
Day,88,33,4
Night,78,28,8
Day,75,22,6
Day,16,51,11
Day,47,16,8
Night,41,47,21
Day,56,20,10
Day,36,16,5
Day,4,43,15
Night,79,48,28
Day,30,12,20
Night,102,37,27
Night,10,16,20
Night,95,52,20
Day,57,20,6
Night,52,36,24
Night,62,19,11
Day,89,14,15
Night,6,25,8
Night,15,49,26
Night,82,17,18
Night,5,50,29
Day,69,55,16
Night,117,19,16
Night,39,52,27
Day,31,15,11
Day,63,10,18
Day,57,27,4
Day,62,17,10
Night,57,50,30
Night,52,20,19
Day,11,33,2
Day,43,54,18
Night,1,12,30
Night,74,13,26
Day,24,27,3
Day,51,54,14
Night,57,53,24
Day,35,19,7
Night,87,32,8
Day,44,14,15
Night,29,31,5
Night,24,42,26
Night,87,27,9
Day,96,13,18
Night,4,39,26
Night,49,50,24
Day,105,32,2
Day,31,46,14
Night,48,43,22
Night,4,27,9
Night,28,24,7
Day,107,38,11
Night,79,28,8
Night,48,27,10
Day,11,33,3
Night,55,36,20
Night,25,14,20
Day,74,20,8
Day,9,48,20
Day,67,13,16
Night,37,46,20
Day,50,37,12
Night,31,29,9
Night,17,14,24
Night,16,54,25
Day,118,34,5
Night,21,49,22
Day,106,18,10
Day,78,36,11
Night,87,10,27
Day,13,11,14
Night,91,18,11
Night,1,45,29
Night,21,14,28
Night,65,29,6
Night,92,38,24
Day,66,12,17
Day,92,33,4
Day,65,17,6
Night,113,46,27
Day,62,26,3
Night,93,27,10
Night,111,37,29
Day,106,12,18
Day,74,22,8
Night,18,13,22
Day,55,37,19
Day,98,14,13
Day,20,25,3
Day,9,24,3
Day,82,55,12
Night,45,10,24
Night,31,34,6
Day,22,16,8
Night,95,45,28
Night,18,24,5
Night,2,50,20
Day,15,43,16
Day,62,54,14
Night,71,49,26
Day,89,45,11
Day,20,12,17
Night,62,47,20
Night,102,18,12
Night,81,43,25
Night,98,26,8
Day,35,36,20
Night,107,26,9
Day,54,28,2
Night,62,16,12
Day,86,30,4
Day,115,28,2
Night,99,27,6
Day,96,12,16
Day,18,32,5
Day,94,47,11
Day,117,30,4
Day,64,29,5
Day,75,54,14
Night,29,49,24
Day,59,20,5
Night,37,43,25
Day,47,48,12
Day,80,15,14
Day,75,37,18
Night,59,37,25
Day,27,21,10
Day,19,50,11
Night,72,29,10
Day,116,35,2
Night,106,16,20
Night,48,27,8
Day,4,28,3
Day,116,15,19
Night,106,31,7
Night,56,35,5
Day,78,33,2
Day,46,28,5
Night,37,17,13
Day,85,46,13
Day,103,18,8
Night,113,23,7
Night,4,47,26
Night,114,32,9
Night,97,49,22
Day,1,23,3
Night,27,52,29
Night,107,45,27
Night,118,41,28
Night,43,42,29
Night,108,13,25
Night,85,51,24
Day,48,35,5
Day,22,35,2
Night,77,18,11
Night,55,49,21
Night,100,52,29
Night,17,44,28
Day,74,23,2
Night,13,42,30
Night,43,15,24
Night,28,50,27
Day,69,54,15
Night,42,14,21
Night,71,54,22
Day,94,26,2
Day,86,28,2
Day,98,30,2
Day,55,40,11
Night,76,42,25
Day,89,30,3
Night,78,33,10
Night,92,32,8
Night,62,42,29
Day,2,51,15
Day,49,45,20
Night,6,21,12
Night,109,15,23
Day,94,50,20
Night,44,43,29
Day,47,43,13
Day,81,27,2
Day,61,22,9
Night,120,18,11
Day,17,44,10
Day,9,46,20
Night,28,12,29
Night,57,48,27
Day,77,27,4
Day,14,39,11
Night,105,43,21
Night,73,16,15
Night,112,47,20
Day,71,10,20
Day,70,45,16
Day,46,48,13
Day,66,27,2
Day,21,55,16
Night,5,25,9
Day,107,28,3
Night,112,34,10
Night,68,15,30
Night,48,52,22
Night,23,37,21
Day,89,54,16
Night,110,39,27
Night,58,30,10
Night,103,19,18
Night,101,46,27
Night,47,19,13
Day,73,51,15
Day,116,28,4
Night,71,26,7
Night,26,39,25
Day,91,49,12
Night,41,23,10
Day,108,20,9
Day,94,25,5
Day,19,28,4
Day,118,52,15
Day,14,29,4
Night,88,10,22
Day,105,39,19
Day,7,42,15
Night,39,13,20
Night,72,35,9
Day,45,14,17
Night,52,22,11
Night,30,15,20
Night,119,40,27
Day,95,13,11
Day,89,31,4
Night,97,43,22
Day,33,48,16
Day,51,54,19
Night,81,45,25
Day,22,41,10
Day,49,30,5
Night,78,34,9
Night,28,38,24
Night,110,15,29
Day,8,41,15
Day,10,31,2
Night,47,36,20
Night,4,38,23
Day,53,23,3
Day,25,26,3
Day,34,51,18
Night,53,17,11
Day,14,43,20
Day,101,18,9
Day,120,30,5
Day,47,33,3
Day,80,42,14
Night,26,43,30
Night,61,51,25
Day,96,36,15
Night,19,29,9
Night,56,14,21
Night,106,34,5
Day,3,27,2
Night,10,44,28
Day,61,32,4
Day,17,52,16
Night,2,26,9
Night,105,35,7
Day,15,20,5
Day,20,35,5
Day,44,54,16
Night,96,37,26
Day,72,31,4
Night,78,52,22
Night,48,44,25
Day,17,41,11
Night,23,15,21
Night,72,48,30
Day,55,39,11
Day,54,45,13
Night,73,52,23
Night,116,11,29
Day,93,17,10
Day,52,32,3
Night,106,49,21
Night,61,51,25
Night,115,47,21
Night,38,34,9
Night,20,21,10
Night,113,42,26
Day,74,24,3
Day,60,22,8
Night,41,18,19
Night,78,50,23
Day,40,10,10
Night,34,24,5
Day,13,17,10
Day,36,20,9
Day,52,32,3
Night,22,54,24
Night,45,43,23
Night,96,41,21
Night,86,39,22
Day,54,41,17
Day,45,36,17
Day,90,20,5
Night,71,43,28
Night,39,24,7
Day,106,39,13
Night,64,50,25
Night,56,52,21
Night,89,29,10
Night,79,53,21
Night,85,11,21
Day,69,33,3
Night,39,37,20
Day,60,30,5
Night,112,25,5
Night,63,42,20
Day,87,31,3
Day,92,32,4
Day,19,21,8
Day,4,16,8
Night,111,18,11
Night,2,11,22
Night,7,13,28
Night,97,37,25
Day,68,38,19
Night,74,22,18
Night,119,46,22
Night,30,23,5
Day,108,55,20
Day,99,50,16
Night,59,54,22
Day,66,11,10
Day,119,35,2
Night,68,45,27
Night,78,25,6
Day,113,47,18
Night,102,55,21
Day,102,42,17
Day,76,34,3
Day,39,26,3
Day,25,32,2
Night,100,51,23
Night,9,17,16
Night,108,44,23
Night,66,34,10
Night,39,35,9
Night,29,45,27
Day,50,53,13
Night,29,44,29
Day,19,22,7
Day,120,35,2
Day,5,17,6
Day,114,48,19
Day,15,52,10
Day,49,49,11
Day,118,50,19
Night,112,11,21
Day,48,33,3
Night,79,28,8
Night,3,31,6
Night,91,24,10
Night,37,52,27
Day,28,55,12
Night,51,27,5
Night,35,42,29
Day,112,54,17
Night,60,27,6
Day,28,52,11
Day,43,12,13
Day,108,18,5
Night,110,26,9
Night,38,41,26
Night,89,36,23
Night,77,45,20
Day,95,44,10
Night,16,31,5
Day,118,19,5
Day,87,26,5
Day,107,13,20
Night,33,51,30
Night,77,27,5
Day,69,55,20
Night,77,21,20
Night,118,31,7
Night,75,42,25
Night,46,13,25
Day,43,14,13
Day,97,30,4
Night,25,38,20
Night,80,43,29
Night,3,45,25
Night,100,50,28
Day,112,40,12
Night,63,31,6
Night,67,12,26
Day,10,35,4
Night,22,34,8
Night,107,17,17
Day,113,19,5
Day,33,52,13
Day,71,24,2
Day,116,21,5
Night,49,32,6
Night,50,44,24
Day,99,31,3
Day,119,21,8
Night,39,52,24
Day,69,46,14
Day,63,51,12
Day,73,50,18
Day,7,29,2
Night,44,14,30
Night,107,43,21
Day,81,42,14
Night,22,15,26
Night,1,15,21
Night,109,53,25
Day,16,17,9
Night,78,26,6
Day,18,15,18
Night,30,31,10
Day,111,16,6
Day,73,15,15
Day,89,35,4
Day,46,43,17
Night,16,42,23
Night,17,32,9
Day,88,18,8
Day,18,38,16
Night,25,11,20
Night,88,37,30
Night,68,18,13
Day,103,33,5
Day,55,31,2
Night,8,24,10
Day,33,47,13
Day,51,18,7
Night,28,49,20
Day,53,35,2
Day,60,39,14
Day,64,31,5
Night,2,49,21
Day,6,32,5
Night,17,16,11
Night,2,34,5
Night,56,25,6
Day,60,48,11
Night,40,25,8
Night,6,11,29
Day,103,26,3
Day,58,44,18
Day,34,23,5
Day,45,36,18
Night,39,54,27
Day,9,31,2
Night,33,15,27
Day,36,43,18
Night,52,16,20
Night,59,26,10
Day,27,24,5
Night,9,37,21
Day,98,20,10
Night,99,15,29
Night,11,17,13
Day,119,34,4
Day,102,21,5
Night,106,12,25
Night,71,23,8
Day,52,49,16
Night,93,42,30
Night,68,19,17
Night,117,33,8
Night,45,13,25
Night,65,46,22
Night,100,25,10
Day,92,31,4
Day,93,44,19
Day,21,20,9
Day,41,37,17
Night,65,16,16
Day,93,42,20
Night,78,44,21
Day,92,26,5
Day,120,15,19
Night,110,35,10
Day,74,32,5
Day,94,38,10
Night,101,55,22
Day,50,42,14
Day,70,28,5
Night,98,29,5
Day,94,25,5
Day,76,25,5
Day,114,22,5
Day,69,19,9
Night,78,46,28
Night,100,31,9
Day,18,27,3
Day,90,11,16
Night,88,18,14
Day,52,37,12
Night,9,18,15
Night,114,14,21
Day,67,55,17
Day,101,31,2
Night,50,34,6
Night,64,48,28
Night,106,25,7
Day,7,24,4
Day,115,22,7
Night,38,14,21
Day,103,40,13
Day,103,26,5
Night,48,28,6
Day,5,36,20
Night,53,21,10
Night,52,24,7
Day,68,26,2
Night,60,19,11
Night,27,37,27
Day,32,17,6
Night,62,13,22
Night,85,13,26
Night,75,34,5
Night,78,32,9
Night,73,27,7
Night,78,11,23
Day,30,41,20
Night,104,36,30
Day,77,50,12
Night,9,23,10
Night,113,12,27
Day,104,14,11
Day,43,43,12
Day,80,10,13
Night,1,34,5
Night,40,23,8
Day,54,52,14
Night,94,38,26
Day,20,22,9
Day,89,16,7
Day,68,52,11
Day,64,41,14
Night,94,46,30
Night,103,25,6
Day,53,55,16
Day,28,25,2
Night,66,23,10
Day,94,29,4
Day,69,22,6
Night,104,46,26
Day,96,48,10
Night,58,36,21
Day,62,48,14
Night,98,51,30
Night,80,19,12
Night,70,27,9
Day,62,31,3
Night,8,46,27
Day,32,26,4
Day,26,20,5
Night,64,36,28
Day,48,35,4
Day,5,27,4
Night,87,47,23
Night,45,41,21
Day,47,45,13
Night,14,15,26
Day,116,19,10
Day,119,31,4
Day,26,15,14
Night,46,31,10
Day,25,47,13
Day,109,41,20
Day,72,14,15
Day,42,34,3
Day,80,22,9
Day,90,11,13
Night,32,31,8
Night,23,14,28
Night,29,16,14
Day,21,29,2
Day,105,14,19
Night,77,51,21
Night,5,14,21
Day,82,16,9
Day,11,26,5
Night,4,41,24
Day,112,51,17
Night,75,35,10
Day,106,54,16
Day,9,34,5
Night,120,36,30
Night,41,47,22
Day,27,32,3
Night,57,28,6
Day,103,39,10
Night,75,51,27
Night,13,34,10
Night,119,29,5
Day,95,15,16
Night,16,46,24
Night,60,46,26
Night,15,46,26
Night,1,34,5
Day,28,39,11
Day,9,23,3
Night,92,37,27
Night,60,21,11
Night,47,35,6
Day,35,53,19
Day,58,21,5
Night,58,36,23
Night,103,42,21
Day,18,44,16
Night,39,24,9
Night,49,10,30
Night,103,27,6
Night,12,50,20
Night,51,31,6
Night,22,44,25
Night,91,51,20
Day,44,51,20
Day,51,37,12
Night,114,12,20
Day,74,27,2
Day,13,46,14
Day,58,35,4
Day,26,43,20
Night,32,51,22
Night,94,53,21
Night,88,14,25
Night,63,43,30
Day,46,32,3
Day,47,45,10
Day,104,26,4
Night,84,46,25
Night,70,22,17
Night,40,48,23
Day,28,17,9
Night,29,54,21
Night,82,53,24
Day,6,12,16
Night,10,17,20
Night,54,48,26
Night,94,16,17
Day,24,23,5
Day,6,48,18
Day,37,37,14
Night,40,50,20
Day,3,37,20
Night,16,11,25
Night,66,28,10
Day,96,49,18
Day,24,16,10
Day,119,11,13
Night,93,13,21
Day,77,16,5
Night,32,40,22
Day,11,36,14
Night,62,46,30
Night,12,11,28
Night,70,26,9
Night,106,24,10
Day,9,48,10
Night,21,35,8
Night,27,26,10
Night,103,19,17
Day,22,13,16
Night,95,44,25
Day,82,43,19
Day,86,35,4
Night,46,22,14
Night,71,31,5
Night,103,27,5
Night,31,41,29
Day,51,18,9
Day,116,23,5
Day,107,26,5
Night,34,46,24
Night,85,53,29
Day,67,17,5
Night,37,20,18
Day,60,49,11
Day,35,54,15
Day,20,10,19
Day,47,53,18
Night,82,23,10
Day,17,19,9
Day,69,20,10
Night,58,42,22
Day,36,50,15
Day,52,12,10
Night,69,30,6
Night,56,33,9
Night,82,43,30
Night,36,42,29
Night,62,18,20
Day,65,16,5
Night,1,55,27
Night,3,24,9
Day,74,37,16
Day,93,39,18
Day,31,23,5
Night,2,51,24
Day,111,12,19
Day,82,33,2
Day,72,30,2
Night,33,19,13
Night,91,17,18
Night,119,31,7
Night,70,50,22
Day,1,55,15
Night,57,32,6
Night,111,40,26
Night,10,41,28
Night,36,30,6
Night,25,31,8
Night,1,34,5
Day,116,33,2
Night,16,36,25
Day,12,27,4
Night,32,12,20
Day,15,45,10
Day,102,13,20
Night,68,54,27
Day,103,28,5
Night,115,53,24
Day,1,43,17
Day,13,52,18
Day,103,21,9
Night,45,11,27
Night,118,30,5
Night,6,48,26
Day,40,52,15
Night,20,54,28
Day,110,53,14
Night,113,25,5
Night,98,20,15
Night,7,53,24
Day,68,53,13
Night,106,37,20
Night,50,49,24
Night,74,44,22
Day,92,45,10
Night,35,24,9
Day,60,36,18
Night,10,45,24
Day,42,27,2
Day,4,48,18
Night,86,50,26
Night,66,47,29
Day,115,49,16
Night,72,14,28
Night,119,13,27
Night,109,44,24
Night,8,42,23
Night,22,36,23
Night,101,36,26
Day,98,49,10
Night,32,33,7
Night,101,35,10
Day,29,43,13
Night,40,25,10
Day,35,36,10
Night,90,16,18
Day,28,47,20
Night,58,33,6
Day,52,44,12
Day,42,16,7
Day,55,49,19
Night,16,19,10
Day,66,54,18
Night,86,16,13
Night,39,37,25
Day,42,46,17
Day,115,49,10
Day,48,38,20
Night,87,35,5
Night,63,10,25
Night,84,26,8
Day,26,27,4
Day,3,49,15
Night,57,17,15
Day,92,19,9
Day,86,29,3
Night,33,48,21
Day,12,14,19
Night,14,49,23
Night,118,42,22
Day,3,10,13
Day,46,17,10
Night,28,49,22
Night,41,26,9
Day,118,14,12
Night,96,26,7
Day,22,16,9
Day,55,34,5
Night,72,37,22
Night,90,31,10
Night,9,37,23
Day,30,12,10
Night,86,17,15
Night,30,21,18
Day,19,37,14
Night,25,24,9
Night,107,18,16
Night,109,27,5
Day,47,34,3
Night,42,18,20
Night,7,10,23
Day,80,22,5
Day,97,36,17
Day,73,50,16
Night,68,47,27
Day,69,43,11
Day,39,50,16
Night,69,30,6
Day,97,24,5
Night,104,12,29
Night,47,31,10
Night,7,25,8
Night,68,14,21
Day,41,16,6
Night,66,28,7
Day,63,11,17
Day,60,29,3
Night,30,34,8
Night,97,46,20
Day,29,36,17
Night,49,20,16
Day,4,43,15
Night,86,26,6
Night,8,43,26
Night,116,54,28
Day,37,34,3
Day,56,12,13
Night,72,12,22
Night,114,36,24
Day,65,31,2
Day,16,40,19
Day,51,33,2
Day,100,10,13
Day,31,49,15
Night,92,52,23
Day,2,33,5
Day,107,43,16
Night,83,50,27
Night,60,30,8
Day,41,17,6
Night,96,13,26
Night,116,12,28
Day,77,10,11
Day,6,26,4
Night,24,36,26
Day,96,19,9
Night,82,24,10
Night,86,28,7
Day,2,18,8
Night,32,35,10
Day,105,32,5
Night,107,43,30
Night,38,34,8
Night,78,49,23
Night,78,53,28
Night,58,44,25
Night,82,18,16
Day,48,45,17
Night,56,26,10
Night,65,38,23
Night,38,13,27
Night,2,27,6
Night,117,41,29
Night,24,25,9
Night,6,55,24
Day,113,24,4
Day,22,22,5
Day,47,15,11
Night,112,45,21
Day,64,28,3
Day,58,55,14
Night,53,10,29
Day,69,55,17
Night,85,16,11
Night,101,28,8
Day,48,14,15
Night,60,41,30
Night,109,34,6
Day,78,20,5
Day,116,12,20
Night,24,47,28
Night,32,50,25
Night,111,43,22
Night,55,42,21
Night,71,11,26
Day,115,45,19
Night,38,38,21
Day,119,33,2
Night,119,44,28
Day,34,51,11
Night,39,12,22
Night,96,29,9
Day,52,32,4
Day,37,18,6
Night,45,44,30
Night,21,55,26
Day,106,21,10
Day,51,35,3
Night,23,39,30
Night,25,35,10
Night,62,36,24
Day,105,55,10
Day,52,19,7
Day,5,51,15
Night,76,39,21
Day,7,14,15
Night,11,17,12
Night,81,22,10
Night,16,32,6
Day,15,36,14
Day,91,26,3
Night,15,44,23
Day,14,23,4
Night,67,31,8
Night,108,33,10
Night,112,46,30
Night,79,20,14
Night,94,18,14
Day,89,13,18
Day,116,50,16
Day,11,50,12
Day,11,44,15
Day,78,21,9
Day,58,42,19
Night,87,47,25
Night,68,16,19
Day,37,34,2
Day,112,11,18
Day,41,40,20
Day,61,47,12
Day,31,27,4
Day,113,54,16
Day,44,37,11
Night,94,49,21
Day,58,31,2
Day,77,33,2
Day,89,50,14
Night,6,39,21
Night,109,53,23
Day,63,23,5
Day,92,24,4
Night,1,27,5
Day,33,38,15
Night,33,29,7
Day,104,23,5
Day,116,13,17
Night,17,38,28
Day,112,23,2
Night,54,19,14
Day,59,32,5
Day,85,23,4
Day,107,37,14
Night,5,27,5
Day,41,32,4
Night,16,51,22
Night,24,11,24
Night,51,30,6
Day,47,35,2
Day,50,18,10
Night,73,33,5
Night,106,11,23
Night,28,43,23
Day,101,27,4
Day,117,43,13
Day,33,44,11
Day,57,37,20
Day,116,24,3
Night,85,10,21
Day,30,54,15
Night,78,27,7
Night,100,33,8
Day,111,37,16
Night,5,45,21
Day,37,39,14
Night,79,21,15
Day,83,42,13
Day,49,53,10
Night,44,31,9
Day,118,43,18
Night,120,20,10
Day,11,33,5
Day,23,18,10
Day,119,19,9
Night,70,44,20
Day,94,19,7
Day,60,19,7
Night,61,20,10
Night,60,13,29
Night,82,48,22
Day,1,33,2
Night,90,26,8
Day,48,53,16
Day,18,19,9
Day,18,55,16
Day,50,37,18
Night,60,44,28
Night,34,42,24
Night,60,51,27
Day,60,23,2
Day,42,18,10
Day,38,43,15
Night,67,28,5
Day,98,17,7
Day,10,29,4
Night,60,30,5
Day,101,51,17
Night,97,13,22
Night,111,45,29
Day,56,25,2
Night,2,41,20
Night,61,28,7
Day,88,22,7
Night,37,37,20
Night,115,44,22
Night,31,18,19
Night,85,30,9
Day,40,42,14
Day,3,35,5
Night,14,15,24
Day,73,14,20
Day,54,49,13
Night,23,24,9
Night,91,32,6
Day,118,34,3
Night,71,24,8
Day,12,47,10
Day,45,25,3
Day,62,10,19
Night,45,46,29
Night,115,28,10
Day,18,25,5
Night,61,24,10
Day,65,55,12
Day,14,20,6
Night,15,18,19
Night,117,21,12
Night,92,44,28
Day,28,51,10
Day,22,48,20
Night,37,37,20
Day,56,46,18
Day,1,50,13
Night,29,19,14
Night,36,31,8
Night,93,46,22
Day,82,30,5
Night,82,18,13
Night,35,29,8
Day,58,44,18
Night,62,16,10
Day,108,36,12
Night,8,35,10
Day,19,16,5
Day,77,24,4
Day,2,12,15
Day,107,26,3
Night,46,21,18
Night,102,15,30
Day,9,28,4
Night,93,31,8
Day,91,14,17
Day,7,25,5
Night,28,24,9
Night,71,42,25
Night,73,47,22
Night,44,39,30
Night,78,53,26
Night,43,11,28
Day,69,43,20
Night,81,34,5
Day,95,43,11
Day,53,27,2
Day,69,38,11
Day,82,28,3
Day,39,28,4
Day,89,44,16
Night,92,14,28
Day,79,26,3
Day,119,26,3
Night,51,42,29
Day,20,41,14
Day,15,18,10
Night,49,49,24
Day,64,21,9
Night,28,39,22
Night,76,32,10
Night,64,11,21
Day,10,13,15
Night,66,19,16
Day,48,54,10
Night,49,34,6
Day,1,27,4
Night,71,20,19
Day,105,13,16
Day,103,17,9
Day,60,15,11
Night,37,48,20
Night,75,21,11
Night,56,25,9
Day,108,24,3
Night,114,17,19
Day,20,46,13
Day,91,10,17
Night,68,20,19
Day,105,52,14
Night,114,11,24
Day,5,41,13
Night,86,50,21
Night,81,39,23
Day,105,36,10
Day,41,41,20
Day,3,12,20
Day,61,48,14
Day,99,34,4
Day,24,47,11
Night,73,33,10
Night,100,48,24
Day,25,41,11
Day,36,37,20
Night,82,28,7
Day,42,16,9
Day,105,29,5
Day,104,28,5
Night,98,34,10
Day,54,27,3
Night,38,23,10
Night,21,13,25
Day,109,46,16
Day,65,40,18
Night,81,48,20
Day,64,21,8
Day,60,30,3
Night,10,53,20
Night,67,28,6
Night,44,48,28
Night,72,50,23
Night,85,16,14
Day,99,50,12
Day,53,34,2
Night,35,46,20
Night,109,43,21
Night,39,28,6
Day,69,34,3
Night,47,20,16
Day,25,44,12
Day,55,49,11
Day,88,32,5
Day,51,39,17
Night,8,38,25
Day,49,52,12
Night,107,45,30
Night,119,42,29
Night,69,46,21
Night,102,38,20
Day,18,16,9
Day,106,38,11
Night,120,28,9
Day,34,46,12
Day,44,16,10
Day,21,13,13
Day,10,34,3
Day,65,25,4
Night,82,44,29
Night,113,27,8
Day,62,29,5
Day,96,51,15
Night,57,48,27
Day,85,35,3
Night,14,37,27
Day,45,48,19
Night,99,16,10
Night,109,53,22
Night,25,52,21
Day,58,11,12
Night,1,27,6
Night,68,21,17
Day,113,31,3
Night,19,29,10
Day,73,38,10
Night,54,47,29
Night,39,27,5
Night,21,26,7
Night,10,13,23
Day,42,55,11
Day,106,29,5
Day,3,42,16
Night,119,15,20
Night,98,49,24
Night,1,55,28
Night,84,50,20
Night,53,33,8
Day,118,29,4
Night,118,40,29
Night,64,47,22
Day,45,47,12
Night,43,41,27
Day,10,16,6
Day,29,28,3
Night,117,43,28
Day,110,18,9
Night,95,46,25
Day,59,33,3
Night,71,23,7
Night,94,23,5
Night,118,37,23
Night,72,20,11
Night,23,25,5
Night,82,15,23
Day,6,23,3
Night,75,51,27
Night,2,25,8
Day,109,48,12
Day,34,28,2
Day,18,19,8
Night,81,11,30
Night,13,50,29
Day,30,12,14
Day,69,25,2
Night,9,23,5
Day,79,38,16
Day,40,33,3
Night,38,24,5
Day,15,34,5
Night,69,41,21
Day,116,31,5
Day,62,36,20
Night,24,33,8
Day,112,35,5
Day,117,47,20
Night,57,54,21
Day,19,34,2
Day,29,12,14
Day,50,10,20
Night,101,52,27
Night,37,14,29
Day,7,29,3
Night,7,12,26
Night,74,12,27
Day,73,27,2
Day,30,24,2
Day,10,21,7
Night,62,32,7
Night,91,43,25
Day,111,44,19
Night,56,40,26
Day,8,54,11
Night,88,11,30
Day,53,53,17
Night,42,44,20
Day,70,27,3
Day,85,44,11
Day,84,37,10
Night,46,45,20
Day,106,22,10
Night,107,32,9
Day,63,41,10
Day,94,16,9
Night,7,43,23
Night,64,30,10
Day,57,26,5
Day,111,14,16
Night,28,15,21
Night,96,20,13
Day,100,44,13
Day,56,46,10
Night,79,27,5
Day,52,43,20
Day,67,48,19
Day,39,32,4
Day,111,20,5
Night,77,19,10
Night,107,16,12
Night,47,51,28
Night,92,35,6
Day,113,33,5
Day,74,23,2
Night,24,27,6
Day,75,28,3
Day,111,19,7
Day,53,46,12
Night,81,11,28
Night,22,21,12
Day,114,15,15
Day,50,23,3
Day,83,22,7
Day,95,47,19
Day,47,42,14
Night,85,34,9
Day,43,27,4
Night,19,17,18
Day,27,20,9
Day,30,20,8
Night,94,13,30
Night,114,50,22
Night,120,31,6
Day,93,19,10
Day,38,14,14
Night,115,19,11
Day,63,43,17
Night,90,24,5
Night,25,21,15
Day,109,29,2
Day,7,19,7
Night,76,48,23
Day,35,29,3
Day,55,29,5
Day,50,47,10
Day,35,51,15
Day,34,12,14
Night,39,55,22
Day,87,24,2
Night,116,26,5
Day,103,37,16
Day,22,15,15
Day,37,14,13
Night,80,33,7
Night,22,15,24
Day,91,33,3
Night,64,22,12
Day,118,46,19
Day,34,22,7
Night,11,26,7
Night,73,34,8
Night,35,50,29
Night,86,19,16
Day,3,16,5
Day,78,19,10
Day,23,16,5
Day,41,13,13
Day,86,20,6
Day,17,12,10
Day,24,24,4
Day,24,13,14
Night,100,43,25
Day,96,33,2
Night,29,34,8
Night,4,26,9
Night,73,19,15
Night,81,23,10
Day,115,16,5
Day,70,24,2
Night,57,36,27
Day,104,40,13
Day,81,11,12
Night,53,24,5
Day,40,54,17
Day,39,52,12
Day,30,15,12
Day,103,10,18
Day,42,33,3
Night,31,33,7
Night,61,45,23
Night,39,10,26
Night,59,42,29
Night,63,19,18
Day,55,37,11
Day,110,50,17
Night,96,41,21
Night,102,12,30
Day,62,29,4
Day,64,43,14
Day,104,34,3
Night,114,51,21
Day,75,20,8
Night,26,41,22
Day,54,31,4
Day,90,17,8
Day,115,52,14
Day,34,52,13
Day,88,25,4
Night,113,29,5
Night,34,13,29
Night,103,46,24
Day,4,46,10
Day,43,53,18
Day,1,37,13
Night,4,25,8
Night,32,52,26
Day,37,18,5
Day,2,23,2
Day,22,40,18
Day,37,15,17
Day,51,52,11
Night,83,55,26
Night,47,16,11
Night,15,12,24
Night,17,36,22
Day,22,42,15
Night,66,33,9
Night,67,55,24
Day,62,52,12
Night,27,31,8
Day,48,44,12
Day,111,34,5
Night,58,48,28
Night,120,29,9
Day,6,42,14
Day,73,43,11
Day,54,13,14
Day,45,37,19
Day,37,18,7
Day,108,31,5
Day,43,21,6
Night,104,30,6
Night,83,24,8
Night,64,21,14
Night,50,13,25
Day,13,26,4
Day,101,35,2
Day,48,38,10
Night,33,18,11
Day,90,30,3
Night,41,20,12
Night,49,30,10
Night,48,13,23
Day,45,46,17
Day,82,43,11
Night,29,14,29
Night,90,49,25
Day,16,47,12
Night,97,21,12
Day,75,39,14
Day,23,48,17
Day,91,32,5
Night,85,43,27
Night,102,50,24
Night,106,12,28
Day,76,13,20
Night,26,23,5
Night,69,47,29
Day,69,13,14
Day,50,31,5
Day,3,21,10
Day,27,23,2
Day,63,48,15
Day,24,10,10
Day,104,11,15
Night,7,42,24
Night,2,14,25
Day,56,25,3
Day,57,55,13
Day,70,25,3
Night,68,38,25
Day,82,51,19
Day,79,33,4
Day,13,40,19
Night,78,35,5
Day,36,31,5
Day,72,40,14
Day,60,37,19
Night,22,38,29
Day,30,11,17
Day,112,46,20
Day,49,26,3
Night,62,22,11
Night,119,25,8
Night,116,14,21
Day,78,51,18
Day,9,41,10
Night,54,22,14
Day,85,31,4
Night,74,49,20
Night,116,51,21
Night,97,45,28
Night,2,55,24
Day,86,43,19
Day,19,24,2
Day,98,26,4
Day,80,21,9
Night,10,36,23
Night,47,48,21
Day,20,46,12
Day,79,19,6
Night,74,42,29
Day,55,11,13
Night,119,18,17
Day,85,42,13
Day,64,11,17
Day,51,20,7
Night,37,49,23
Day,6,25,5
Night,119,13,28
Day,59,50,16
Night,116,48,25
Night,23,28,5
Day,37,39,13
Night,90,52,24
Day,64,36,14
Day,22,17,8
Night,65,25,9
Day,10,38,18
Day,65,28,3
Night,21,17,18
Day,85,10,12
Day,43,45,11
Night,24,35,9
Night,66,30,7
Night,1,53,20
Night,12,16,18
Night,56,12,21
Night,72,13,30
Day,21,30,5
Day,79,45,17
Day,110,30,2
Day,115,50,17
Day,103,10,13
Day,100,49,13
Night,74,10,22
Day,99,32,4
Night,31,30,9
Night,88,55,21
Day,73,48,11
Night,31,37,20
Day,26,21,9
Night,85,34,8
Night,38,10,25
Day,110,46,13
Day,116,47,20
Day,40,47,17
Night,110,38,28
Night,4,23,8
Day,31,29,5
Night,120,51,20
Day,53,50,14
Day,52,30,5
Day,7,40,10
Night,34,33,9
Day,87,45,16
Night,117,26,9
Night,100,18,12
Night,94,13,27
Day,111,55,10
Day,20,31,4
Day,22,28,3
Night,82,36,24
Day,112,52,12
Day,35,33,3
Night,76,27,6
Night,7,12,21
Day,118,10,15
Night,30,17,19
Night,97,40,30
Day,104,31,3
Night,31,26,7
Day,37,20,9
Night,70,15,26
Night,52,18,10
Night,15,43,21
Day,35,26,5
Day,94,50,12
Night,44,16,19
Day,45,55,11
Night,63,55,27
Night,82,29,8
Night,33,14,27
Night,10,39,21
Day,100,18,8
Night,27,39,25
Day,46,18,10
Night,22,19,14
Night,56,19,12
Night,17,55,24
Night,108,34,7
Day,86,51,11
Night,15,12,25
Night,15,32,7
Night,4,53,22
Day,41,29,5
Day,9,23,5
Day,79,39,13
Night,117,12,30
Night,86,46,27
Day,105,47,20
Day,56,52,20
Day,26,43,10
Night,100,15,27
Night,24,36,26
Night,35,53,21
Day,86,52,13
Day,68,11,12
Day,32,28,4
Day,40,10,17
Night,118,38,24
Day,100,25,3
Day,56,31,2
Night,37,17,17
Night,100,20,15
Night,35,41,22
Night,2,47,22
Night,60,48,21
Night,64,53,26
Day,44,27,2
Night,95,20,11
Night,103,15,30
Day,15,40,16
Night,32,33,10
Day,9,44,14
Day,106,50,11
Night,11,19,20
Night,113,34,9
Night,37,17,18
Night,47,42,29
Day,89,28,5
Day,12,24,4
Night,64,28,10
Night,36,40,24
Night,57,35,8
Night,3,23,5
Night,58,39,21
Night,16,45,30
Night,36,45,30
Night,34,30,7
Night,26,26,8
Day,49,38,18
Day,84,40,17
Day,54,17,10
Night,16,18,14
Night,9,35,5
Day,6,17,8
Night,34,33,10
Night,111,23,10
Night,20,16,10
Day,92,49,15
Day,66,47,10
Day,12,42,16
Day,79,20,7
Night,65,11,27
Day,70,48,18
Night,53,17,19
Day,77,53,18
Night,34,34,7
Day,17,16,6
Night,80,36,23
Day,50,50,13
Night,100,22,13
Day,14,50,19
Day,23,13,10
Day,87,24,5
Day,90,34,4
Day,27,46,19
Night,104,52,21
Night,67,46,30
Day,88,17,9
Day,34,28,2
Night,20,32,9
Night,35,54,23
Day,120,53,13
Day,32,34,4
Night,106,25,10
Night,67,31,6
Night,110,39,27
Day,59,39,18
Night,116,13,28
Day,66,22,6
Day,60,34,5
Night,114,49,29
Day,120,13,16
Day,120,41,13
Night,5,32,8
Day,63,23,2
Night,3,26,10
Night,86,42,23
Night,91,10,29
Night,65,26,5
Night,118,40,25
Day,30,36,13
Day,63,51,18
Day,75,50,14
Night,106,41,21
Day,14,15,19
Night,37,22,18
Night,31,40,30
Day,109,45,11
Night,25,42,24
Night,100,11,23
Night,19,48,21
Day,3,27,5
Night,63,52,27
Night,47,28,10
Night,117,13,22
Night,43,20,12
Day,61,16,5
Day,43,47,13
Night,10,33,9
Night,102,28,7
Night,43,29,8
Night,40,13,24
Day,63,31,2
Night,34,26,8
Day,53,45,18
Day,1,30,2
Day,93,54,11
Night,11,15,26
Day,114,17,8
Day,40,42,18
Night,104,49,25
Night,33,41,29
Night,10,38,25
Day,65,11,18
Day,116,33,2
Day,72,27,4
Day,54,22,5
Day,37,43,18
Night,37,28,7
Night,88,18,15
Night,71,17,10
Night,38,43,23
Night,3,51,28
Day,111,10,20
Day,65,29,4
Night,73,10,25
Night,104,32,5
Night,88,20,14
Night,20,40,26
Night,81,49,25
Day,79,51,13
Night,1,18,15
Day,84,53,11
Night,3,42,22
Day,35,45,10
Day,54,52,14
Day,101,46,12
Night,10,10,30
Night,93,25,8
Day,56,36,13
Day,112,55,11
Night,6,23,8
Night,117,28,5
Night,13,19,15
Day,109,33,5
Day,4,13,15
Night,62,19,16
Day,4,30,5
Day,2,41,11
Night,7,36,27
Day,105,18,6
Night,49,28,8
Day,13,42,12
Night,25,52,25
Night,100,16,15
Day,52,17,7
Day,60,18,9
Night,1,47,30
Night,83,32,10
Day,102,39,13
Night,102,38,29
Night,111,49,21
Day,69,14,11
Night,47,42,23
Night,45,26,8
Night,18,50,23
Day,78,41,19
Day,27,21,8
Night,111,37,20
Day,75,17,8
Night,25,43,30
Night,53,12,30
Day,36,40,20
Night,102,21,18
Day,86,50,18
Day,58,22,8
Day,26,46,18
Day,26,11,16
Day,3,38,14
Night,50,20,10
Night,82,49,23
Day,80,27,5
Day,118,42,19
Day,56,30,5
Day,18,33,5
Night,36,51,20
Day,14,27,3
Night,38,37,25
Night,106,52,25
Night,116,42,25
Day,73,54,19
Day,46,18,10
Day,33,21,6
Night,36,47,30
Day,31,45,20
Night,46,15,25
Night,25,42,30
Day,83,37,14
Night,37,32,10
Day,92,33,4
Night,40,43,21
Night,73,45,26
Night,43,53,21
Night,62,38,22
Night,116,42,28
Night,106,35,8
Day,94,25,5
Day,28,41,15
Night,113,47,29
Day,25,42,16
Day,84,15,17
Day,65,51,18
Night,58,38,30
Day,26,28,5
Day,3,24,3
Day,59,19,8
Day,8,18,8
Day,46,52,13
Day,104,26,3
Day,120,47,20
Day,70,22,6
Night,111,10,30
Night,93,52,23
Night,31,39,24
Night,68,49,27
Day,70,49,10
Day,32,54,10
Day,1,40,16
Day,22,21,7
Day,25,46,15
Night,26,38,23
Day,89,54,17
Night,95,11,23
Night,113,44,23
Night,68,33,8
Day,91,33,3
Night,92,52,22
Day,53,50,12
Night,54,50,22
Day,13,15,10
Day,113,22,7
Day,98,18,6
Night,22,24,8
Night,5,34,6
Day,60,21,9
Day,93,35,4
Night,71,29,9
Day,23,26,4
Day,49,49,20
Day,69,25,4
Day,36,36,13
Day,110,54,19
Day,81,52,14
Day,62,10,14
Night,41,45,23
Day,89,27,2
Night,9,17,20
Night,74,30,6
Night,104,45,27
Night,77,21,12
Night,106,35,5
Day,103,33,5
Day,1,46,16
Day,43,40,10
Day,7,25,4
Day,33,27,3
Day,16,17,9
Night,19,46,27
Day,59,22,5
Night,22,21,14
Night,35,16,11
Night,46,53,21
Day,21,33,2
Night,48,16,12
Day,112,19,7
Day,33,48,11
Night,77,34,7
Day,82,51,19
Night,118,51,25
Night,13,19,10
Night,72,44,23
Night,105,54,28
Day,4,17,8
Day,113,17,7
Night,92,42,23
Night,57,51,21
Day,14,17,10
Day,86,16,10
Night,56,28,9
Night,33,40,20
Day,42,13,20
Night,115,19,20
Day,100,36,20
Night,77,39,28
Day,93,22,8
Night,17,38,21
Day,31,32,3
Day,110,52,14
Night,5,23,9
Day,50,50,14
Night,72,19,19
Night,68,46,24
Day,14,49,15
Night,95,27,6
Night,67,14,22
Night,43,50,24
Night,49,34,7
Night,34,42,26
Day,5,42,12
Day,34,25,4
Night,82,30,8
Day,23,16,6
Night,78,10,27
Night,35,13,20
Night,96,17,13
Night,90,19,20
Night,80,33,8
Night,20,13,24
Night,91,18,13
Night,78,33,9
Day,26,18,9
Night,96,23,10
Night,41,36,26
Night,115,19,19
Day,114,39,19
Night,56,43,20
Day,13,23,5
Night,115,42,23
Day,117,49,17
Day,56,47,14
Day,100,23,2
Day,30,55,20
Day,99,52,14
Night,42,51,30
Night,17,27,5
Day,28,49,19
Night,65,53,23
Night,89,16,18
Day,55,25,3
Day,111,46,10
Night,25,48,24
Day,75,54,12
Day,10,22,8
Day,24,15,19
Day,89,40,13
Day,32,41,18
Night,71,17,17
Day,50,30,2
Night,85,36,27
Night,59,31,5
Night,96,48,21
Night,110,19,20
Day,2,30,4
Night,21,35,9
Day,16,18,9
Day,19,30,2
Day,119,35,3
Night,107,44,22
Day,35,42,20
Day,86,48,12
Day,57,33,2
Night,37,44,21
Day,29,28,5
Night,24,46,20
Day,44,26,4
Night,54,48,20
Day,68,52,16
Night,99,47,23
Day,86,51,12
Day,75,26,3
Day,80,28,3
Day,74,50,15
Night,90,46,21
Night,6,13,23
Night,100,29,6
Night,92,33,6
Day,35,39,11
Day,49,11,17
Day,15,27,5
Night,110,48,20
Night,60,48,24
Day,68,49,11
Day,67,16,10
Night,86,26,7
Night,18,18,20
Night,93,26,8
Day,29,14,14
Day,20,28,4
Night,61,47,27
Night,43,15,29
Night,5,28,7
Day,46,39,15
Day,69,41,15
Day,113,46,11
Night,77,25,7
Day,33,34,4
Day,50,37,20
Day,9,33,2
Day,116,29,3
Night,51,43,21
Night,62,32,5
Night,73,23,10
Day,15,33,5
Day,26,42,17
Day,1,39,17
Day,98,50,11
Night,112,14,29
Day,60,53,10
Day,3,28,2
Night,106,21,20
Day,97,11,13
Day,6,26,2
Day,21,50,19
Day,40,41,16
Night,46,17,17
Day,94,41,20
Day,58,54,17
Night,95,52,27
Day,100,55,14
Night,85,47,25
Night,26,47,28
Night,55,44,28
Day,65,26,4
Day,8,40,20
Night,32,24,9
Night,67,34,9
Day,93,23,3
Day,115,46,18
Night,6,10,22
Night,68,39,28
Day,64,28,5
Day,2,19,9
Night,120,40,22
Day,80,15,10
Day,12,53,12
Night,118,42,28
Day,74,48,13
Day,19,52,17
Day,4,16,9
Day,103,50,12
Day,83,30,3
Night,107,10,26
Day,25,50,15
Night,75,24,7
Night,69,27,10
Night,100,15,24
Day,26,12,12
Day,82,30,2
Night,16,34,6
Day,116,31,4
Night,24,43,21
Day,8,42,13
Night,5,30,5
Night,7,46,23
Day,16,23,3
Night,64,45,23
Day,3,32,4
Day,25,47,10
Night,3,42,27
Night,38,13,23
Night,36,36,29
Day,42,25,2
Day,119,28,3
Night,3,47,25
Day,67,21,9
Day,13,21,7
Night,10,20,20
Night,112,34,10
Night,58,16,13
Day,102,47,11
Night,84,29,10
Day,100,39,11
Night,89,34,10
Day,10,18,9
Day,95,11,19
Day,20,51,14
Night,14,36,27
Night,41,14,24
Day,36,47,10
Night,10,28,5
Day,40,49,15
Day,44,39,11
Day,12,28,4
Day,48,51,13
Day,51,33,2
Day,4,46,17
Night,115,44,22
Night,41,12,29
Day,19,51,18
Day,101,38,16
Day,102,17,9
Night,53,10,27
Night,112,25,9
Night,23,27,9
Night,4,43,27
Day,107,49,13
Day,31,43,16
Day,21,50,11
Day,35,12,15
Day,44,31,5
Night,103,40,21
Night,110,13,28
Night,15,11,20
Day,112,52,11
Night,21,44,29
Day,117,50,19
Night,27,28,6
Night,32,34,9
Day,108,38,16
Day,53,27,5
Day,26,26,4
Night,86,36,20
Day,71,39,10
Night,21,23,7
Day,87,33,2
Day,26,15,18
Night,99,39,21
Day,52,26,5
Night,31,40,26
Day,34,36,18
Day,97,49,17
Night,43,16,15
Night,6,40,21
Night,101,30,9
Night,25,15,29
Day,47,44,15
Day,7,18,6
Day,36,45,14
Night,115,55,21
Day,7,54,14
Day,2,54,14
Day,85,31,3
Night,83,38,22
Day,76,35,5
Day,90,13,10
Night,68,37,29
Night,64,35,5
Night,12,46,25
Night,34,42,24
Night,110,10,21
Day,14,13,19
Night,112,33,7
Night,6,45,29
Day,48,44,14
Night,36,23,10
Day,57,18,6
Night,54,15,29
Day,50,10,19
Night,62,54,26
Day,13,46,10
Night,51,33,7
Day,100,26,2
Night,111,48,21
Night,43,10,22
Night,37,47,26
Day,107,13,12
Night,25,36,27
Day,34,52,16
Day,4,47,11
Day,113,29,4
Day,58,54,10
Day,3,22,8
Night,58,39,24
Night,95,46,27
Night,43,31,7
Night,94,18,14
Day,69,24,4
Day,114,13,12
Day,76,48,11
Night,63,32,9
Night,89,22,15
Night,72,46,29
Day,77,39,17
Day,8,52,15
Day,33,12,13
Day,86,42,12
Day,72,37,11
Night,95,43,24
Night,83,14,24
Day,32,32,3
Night,40,22,12
Night,30,41,20
Day,37,29,5
Night,13,52,30
Night,120,14,25
Day,11,52,14
Night,102,23,7
Night,61,28,10
Day,90,47,13
Day,57,17,8
Night,98,36,20
Day,46,27,4
Night,88,37,24
Day,91,37,19
Night,62,46,23
Night,111,40,27
Night,82,46,25
Night,66,25,6
Night,57,40,28
Night,55,22,15
Day,69,19,8
Night,88,43,24
Night,109,49,22
Day,91,46,19
Day,14,36,19
Night,1,42,21
Night,75,16,17
Night,62,16,20
Day,87,53,18
Night,90,32,8
Night,107,48,25
Day,7,48,11
Day,103,30,2
Day,71,18,8
Day,24,10,10
Night,18,17,20
Night,103,51,22
Day,4,45,14
Day,117,53,14
Day,83,34,3
Night,39,37,21
Night,68,32,10
Night,7,53,30
Night,120,17,15
Day,81,10,12
Day,6,37,12
Night,107,47,22
Night,111,41,22
Night,15,27,7
Day,117,23,4
Night,17,28,9
Day,67,41,12
Night,108,38,21
Day,111,42,16
Day,116,42,17
Day,8,32,5
Day,5,34,2
Night,98,26,6
Day,41,29,5
Night,30,28,6
Day,52,15,17
Night,104,44,25
Night,71,49,24
Day,85,37,10
Day,81,54,17
Day,16,32,2
Day,8,37,14
Night,29,40,21
Day,57,48,18
Day,27,25,4
Night,102,34,6
Day,30,25,4
Night,116,36,22
Night,48,49,30
Night,80,36,23
Day,119,26,5
Night,61,51,22
Day,88,14,13
Day,55,10,14
Day,115,52,20
Night,111,38,26
Night,19,44,23
Day,104,26,5
Day,50,27,3
Day,8,37,10
Day,30,40,17
Night,67,34,9
Day,88,34,4
Night,80,50,21
Night,31,30,5
Night,27,13,21
Day,108,25,2
Day,108,55,13
Night,106,31,9
Day,79,18,10
Day,48,41,20
Day,101,49,12
Night,22,46,28
Night,48,33,10
Night,17,33,9
Day,93,14,14
Day,83,21,8
Day,105,52,13
Night,81,43,28
Day,15,30,3
Day,113,42,20
Night,47,41,23
Day,32,54,18
Day,81,42,16
Night,110,24,9
Night,37,22,19
Day,81,48,14
Night,1,54,27
Day,39,41,14
Day,27,28,5
Day,72,16,8
Day,114,13,12
Night,32,40,26
Day,55,14,12
Night,95,30,7
Day,44,15,19
Night,13,18,16
Day,43,52,11
Day,14,28,3
Night,52,11,28
Night,98,45,23
Night,44,12,22
Day,94,30,4
Night,56,35,9
Night,63,28,9
Day,2,35,2
Night,64,16,14
Day,44,50,16
Night,52,53,29
Night,95,54,30
Day,70,22,8
Day,74,41,13
Day,51,32,2
Night,58,47,20
Day,119,53,18
Day,108,40,15
Night,99,24,5
Night,9,41,26
Day,120,42,10
Day,77,27,3
Night,45,21,19
Day,83,16,8
Night,107,13,20
Night,82,38,29
Day,102,40,11
Day,94,48,15
Day,69,34,5
Night,58,50,28
Day,43,28,4
Day,23,38,20
Day,88,36,14
Day,14,44,16
Night,33,55,26
Day,7,43,17
Day,29,25,5
Night,79,14,24
Night,56,21,10
Day,99,19,5
Day,66,29,4
Night,120,42,27
Day,72,10,19
Night,23,22,19
Night,9,18,19
Night,32,22,18
Night,23,43,26
Day,61,40,14
Night,10,53,29
Day,60,55,15
Night,72,24,7
Day,54,46,17
Day,19,13,12
Day,15,47,18
Night,17,55,22
Day,43,50,17
Night,40,20,20
Night,74,27,5
Night,4,15,22
Night,75,38,27
Night,31,24,5
Night,54,51,25
Night,94,27,6
Day,93,32,2
Day,11,40,20
Night,42,51,22
Day,90,42,10
Day,35,35,3
Day,26,27,5
Night,24,28,10
Night,69,38,30
Day,56,37,12
Night,25,10,25
Night,16,52,23
Night,64,33,5
Day,27,51,16
Night,41,15,25
Day,11,25,3
Night,11,49,25
Night,92,25,6
Night,58,36,23
Day,104,29,5
Night,10,16,13
Day,20,31,3
Day,30,52,13
Night,13,37,30
Night,31,34,6
Day,49,52,10
Night,89,33,9
Day,7,25,4
Day,77,49,12
Day,57,13,11
Day,21,36,11
Night,19,16,16
Day,80,51,10
Day,28,35,4
Night,87,30,6
Night,65,31,6
Day,93,46,16
Day,64,10,15
Night,67,35,9
Day,20,36,16
Day,106,47,12
Night,8,12,27
Day,34,20,8
Day,2,35,4
Day,103,16,10
Day,36,28,5
Day,19,35,5
Night,48,40,26
Night,75,29,7
Day,99,50,20
Day,60,50,18
Night,34,50,27
Day,37,21,5
Night,53,12,28
Day,71,21,9
Day,60,21,9
Night,26,40,28
Day,5,46,16
Night,106,19,18
Night,95,30,9
Day,73,11,13
Day,62,44,18
Night,57,37,22
Day,51,21,8
Night,67,49,30
Night,30,39,25
Night,21,44,24
Day,22,29,5
Day,74,16,5
Day,96,28,3
Night,93,40,27
Day,30,40,10
Night,37,46,20
Night,76,16,11
Day,90,35,4
Night,21,45,21
Day,65,28,2
Night,83,23,5
Night,55,22,12
Day,11,31,5
Night,52,27,8
Day,86,30,2
Day,83,43,15
Night,100,53,25
Day,89,25,2
Day,16,34,2
Night,92,54,27
Night,82,32,10
Day,89,50,15
Night,34,47,30
Day,8,15,20
Night,98,32,9
Day,97,25,4
Day,8,10,16
Night,83,36,26
Night,114,49,20
Night,2,19,17
Day,49,51,11
Day,60,14,12
Night,96,37,28
Day,33,17,6
Night,77,32,7
Night,95,23,9
Day,50,26,4
Day,99,52,14
Day,35,46,10
Day,66,15,17
Day,3,15,15
Night,44,10,22
Day,116,29,5
Night,56,13,21
Day,79,41,12
Night,78,11,24
Day,88,26,5
Night,98,38,27
Day,57,14,19
Day,57,51,19
Day,73,30,4
Day,45,52,14
Day,3,54,11
Night,58,54,27
Night,15,54,29
Day,5,41,14
Day,16,34,5
Night,2,36,23
Night,110,50,27
Night,28,11,20
Night,25,53,27
Day,16,31,4
Night,85,34,7
Night,12,23,5
Day,72,17,5
Day,85,33,3
Night,78,33,10
Day,22,24,5
Day,43,19,10
Night,116,37,27
Day,113,31,5
Night,27,31,6
Night,85,39,26
Day,78,31,5
Day,20,30,2
Night,117,26,10
Day,6,25,4
Night,100,38,26
Night,11,48,21
Day,25,50,11
Night,62,43,27
Day,25,28,3
Night,102,48,27
Night,71,34,9
Day,4,28,5
Day,86,50,15
Night,64,47,29
Day,107,46,12
Night,43,50,25
Day,36,55,15
Night,102,31,6
Day,21,24,2
Day,85,19,10
Day,8,35,5
Night,109,39,27
Night,55,47,26
Night,106,45,24
Night,70,28,8
Day,86,38,17
Day,4,44,15
Night,81,47,27
Night,28,12,27
Night,105,46,21
Day,106,41,15
Day,111,51,15
Day,39,13,12
Night,80,19,18
Day,100,19,8
Night,112,26,6
Day,47,49,15
Day,56,28,4
Day,107,46,17
Night,42,25,7
Night,116,19,10
Day,26,49,11
Night,93,54,28
Night,112,24,7
Night,64,25,7
Day,7,54,19
Night,11,47,24
Night,9,46,21
Day,34,30,5
Day,109,48,11
Day,40,22,10
Day,104,17,9
Day,22,37,13
Day,52,24,4
Night,20,14,29
Night,117,18,20
Night,106,42,24
Night,14,16,20
Night,10,28,8
Night,91,46,28
Night,59,35,9
Night,95,33,8
Day,60,18,7
Day,3,55,13
Day,77,51,19
Night,48,36,28
Night,56,34,6
Day,28,19,7
Day,81,29,5
Day,47,38,15
Day,68,25,3
Night,9,13,29
Night,9,31,6
Day,39,40,17
Day,78,45,20
Day,84,50,20
Day,98,35,3
Day,50,51,10
Day,101,24,2
Day,83,43,17
Night,91,43,27
Day,66,45,14
Night,14,23,10
Night,24,55,27
Night,38,17,15
Day,101,21,10
Day,54,26,3
Night,99,24,9
Day,120,18,10
Day,52,24,5
Day,97,17,8
Day,34,45,19
Day,119,11,16
Day,46,27,5
Night,51,25,9
Day,51,41,19
Day,6,27,4
Day,81,45,13
Night,14,48,27
Day,38,10,20
Day,17,24,4
Night,38,40,23
Day,113,27,2
Night,7,12,20
Night,86,35,8
Day,95,25,4
Night,40,51,24
Night,114,54,24
Night,59,44,25
Day,23,12,19
Day,75,55,20
Night,62,14,27
Night,55,51,23
Day,46,25,2
Day,7,34,4
Night,48,27,10
Day,29,13,10
Night,93,43,27
Night,58,34,7
Night,114,27,7
Night,102,22,10
Night,96,26,9
Day,91,48,11
Night,120,26,5
Day,56,29,4
Night,33,53,27
Day,74,15,11
Day,70,40,10
Night,17,35,9
Day,116,19,7
Day,28,28,3
Night,112,53,25
Day,54,21,5
Night,75,49,28
Day,96,19,10
Night,68,54,29
Day,63,28,4
Night,103,34,6
Night,23,50,24
Night,89,38,26
Night,48,37,22
Day,16,40,20
Night,90,37,29
Night,11,48,29
Day,21,11,20
Night,91,15,28
Day,32,26,5
Night,109,47,29
Day,57,40,19
Day,109,42,13
Night,29,22,17
Night,54,42,25
Night,44,52,30
Day,82,12,20
Day,84,26,2
Day,16,38,20
Day,97,14,14
Day,88,30,3
Day,8,44,20
Night,85,11,30
Day,49,28,2
Night,40,36,21
Day,40,43,13
Day,47,46,16
Night,1,21,13
Night,108,10,22
Night,120,39,27
Day,44,50,18
Day,21,42,11
Night,92,45,25
Day,74,42,10
Day,44,43,17
Day,81,48,10
Night,95,11,25
Night,106,41,28
Day,21,20,10
Day,73,43,16
Day,89,43,19
Night,49,38,27
Night,62,23,10
Day,1,55,16
Night,120,18,13
Night,41,41,28
Night,117,50,20
Day,9,37,12
Night,53,10,24
Day,79,24,5
Night,75,38,21
Day,95,18,8
Night,113,13,30
Day,55,23,2
Day,84,22,5
Night,15,37,28
Night,29,54,23
Night,56,30,5
Night,10,47,21
Day,87,13,12
Night,43,55,23
Night,91,45,30
Day,14,23,5
Night,34,34,5
Night,96,12,25
Day,87,38,16
Night,111,45,24
Night,36,43,24
Night,93,23,8
Day,57,54,17
Night,90,17,18
Night,46,22,18
Day,39,55,16
Day,20,48,12
Night,56,53,28
Day,5,12,19
Night,98,26,8
Night,25,11,29
Day,13,19,7
Night,56,40,24
Day,61,30,3
Day,33,33,3
Day,30,47,16
Day,6,55,16
Night,15,17,17
Day,83,49,14
Night,85,30,8
Day,87,35,5
Day,38,53,13
Day,120,27,5
Night,108,48,26
Day,97,15,11
Day,39,13,18
Night,73,39,29
Night,35,22,12
Night,103,15,21
Day,116,48,14
Day,49,38,16
Day,87,17,7
Day,103,31,5
Day,78,13,15
Night,7,15,20
Day,48,23,5
Day,61,44,11
Night,32,49,25
Night,61,40,29
Night,111,19,19
Day,93,25,4
Day,8,48,14
Day,32,44,16
Night,31,12,20
Day,120,36,15
Day,74,16,6
Day,118,19,10
Day,17,44,17
Day,35,14,20
Night,84,43,22
Day,52,53,14
Night,10,41,21
Day,115,14,20
Night,12,34,6
Day,68,13,13
Night,61,11,23
Day,36,33,3
Day,104,28,2
Night,43,45,24
Day,22,10,16
Day,53,30,3
Night,2,17,20
Day,98,19,9
Day,115,21,9
Day,40,39,16
Night,120,32,9
Day,46,27,5
Night,19,49,30
Day,110,24,5
Night,38,37,22
Day,85,29,3
Night,119,24,10
Day,62,41,18
Night,111,35,6
Day,22,37,10
Night,25,33,6
Night,26,20,15
Night,86,50,30
Day,27,38,20
Day,90,24,3
Night,2,50,25
Day,119,25,2
Night,22,19,17
Day,35,21,6
Night,12,21,15
Night,43,16,14
Day,7,24,2
Day,108,13,17
Night,34,15,21
Day,13,17,6
Day,104,26,3
Night,120,34,9
Night,14,21,15
Day,30,15,16
Night,44,35,9
Day,119,18,9
Day,60,47,18
Day,115,20,8
Night,1,51,26
Day,28,42,12
Night,30,31,9
Night,90,23,6
Day,63,43,20
Night,93,35,5
Night,4,25,8
Day,110,49,11
Day,104,33,4
Night,92,46,25
Day,61,40,18
Day,81,50,19
Night,90,23,7
Day,105,13,17
Night,77,43,29
Day,103,32,2
Day,91,53,16
Day,45,53,12
Night,16,25,7
Night,110,25,9
Day,29,49,17
Day,70,12,12
Night,90,28,8
Night,92,32,7
Day,44,16,6
Day,38,11,18
Day,111,13,13
Day,49,22,5
Day,18,23,2
Day,7,16,9
Night,4,15,22
Day,104,22,10
Night,15,44,22
Day,60,49,20
Night,23,19,10
Day,34,46,11
Night,75,12,21
Day,106,16,8
Day,31,33,2
Night,23,14,23
Night,47,50,21
Day,43,16,7
Day,70,26,4
Night,115,23,5
Night,116,16,19
Night,120,14,22
Day,13,49,20
Day,32,17,8
Day,16,15,15
Night,42,48,30
Night,73,30,6
Night,96,39,23
Day,1,38,20
Day,54,21,9
Night,95,39,21
Day,39,47,10
Day,16,14,11
Night,94,41,21
Day,54,40,18
Day,28,12,17
Night,75,54,24
Night,82,43,30
Night,69,29,8
Day,20,36,10
Night,117,21,19
Night,29,40,30
Night,44,42,30
Day,66,19,10
Day,104,38,11
Night,64,40,24
Day,50,53,19
Night,97,21,18
Night,103,44,29
Day,49,49,10
Day,31,52,20
Night,109,10,29
Night,16,11,22
Day,113,44,19
Day,69,10,11
Night,70,36,25
Night,108,33,10
Day,118,54,17
Day,34,52,12
Day,76,50,11
Night,58,39,22
Day,109,20,8
